{
  "__inputs": [
    {
      "name": "DS_DEV",
      "label": "dev",
      "description": "",
      "type": "datasource",
      "pluginId": "prometheus",
      "pluginName": "Prometheus"
    }
  ],
  "__requires": [
    {
      "type": "grafana",
      "id": "grafana",
      "name": "Grafana",
      "version": "6.6.2"
    },
    {
      "type": "panel",
      "id": "graph",
      "name": "Graph",
      "version": ""
    },
    {
      "type": "datasource",
      "id": "prometheus",
      "name": "Prometheus",
      "version": "1.0.0"
    },
    {
      "type": "panel",
      "id": "singlestat",
      "name": "Singlestat",
      "version": ""
    }
  ],
  "annotations": {
    "list": [
      {
        "builtIn": 1,
        "datasource": "-- Grafana --",
        "enable": true,
        "hide": true,
        "iconColor": "rgba(0, 211, 255, 1)",
        "limit": 100,
        "name": "Annotations & Alerts",
        "showIn": 0,
        "type": "dashboard"
      },
      {
        "datasource": "${DS_DEV}",
        "enable": true,
        "expr": "resets(process_uptime_seconds{namespace=~\"$namespace\",app=~\"$application\", kubernetes_pod_name=~\"$podname\"}[1m]) > 0",
        "iconColor": "rgba(255, 96, 96, 1)",
        "name": "Restart Detection",
        "showIn": 0,
        "step": "1m",
        "tagKeys": "restart-tag",
        "textFormat": "uptime reset",
        "titleFormat": "Restart"
      }
    ]
  },
  "description": "Dashboard for Micrometer instrumented applications (Java, Spring Boot, Micronaut)\r\n\r\nFilter by datasource/namespace/node.",
  "editable": true,
  "gnetId": 11892,
  "graphTooltip": 1,
  "id": null,
  "iteration": 1583992490559,
  "links": [],
  "panels": [
    {
      "collapsed": false,
      "datasource": "${DS_DEV}",
      "gridPos": {
        "h": 1,
        "w": 24,
        "x": 0,
        "y": 0
      },
      "id": 125,
      "panels": [],
      "repeat": null,
      "title": "Quick Facts",
      "type": "row"
    },
    {
      "cacheTimeout": null,
      "colorBackground": false,
      "colorValue": true,
      "colors": [
        "rgba(245, 54, 54, 0.9)",
        "rgba(237, 129, 40, 0.89)",
        "rgba(50, 172, 45, 0.97)"
      ],
      "datasource": "${DS_DEV}",
      "decimals": 1,
      "editable": true,
      "error": false,
      "format": "s",
      "gauge": {
        "maxValue": 100,
        "minValue": 0,
        "show": false,
        "thresholdLabels": false,
        "thresholdMarkers": true
      },
      "gridPos": {
        "h": 3,
        "w": 6,
        "x": 0,
        "y": 1
      },
      "height": "",
      "id": 63,
      "interval": null,
      "links": [],
      "mappingType": 1,
      "mappingTypes": [
        {
          "name": "value to text",
          "value": 1
        },
        {
          "name": "range to text",
          "value": 2
        }
      ],
      "maxDataPoints": 100,
      "nullPointMode": "connected",
      "nullText": null,
      "options": {},
      "postfix": "",
      "postfixFontSize": "50%",
      "prefix": "",
      "prefixFontSize": "70%",
      "rangeMaps": [
        {
          "from": "null",
          "text": "N/A",
          "to": "null"
        }
      ],
      "sparkline": {
        "fillColor": "rgba(31, 118, 189, 0.18)",
        "full": false,
        "lineColor": "rgb(31, 120, 193)",
        "show": false
      },
      "tableColumn": "",
      "targets": [
        {
          "expr": "process_uptime_seconds{namespace=~\"$namespace\",app=~\"$application\", kubernetes_pod_name=~\"$podname\"}",
          "format": "time_series",
          "intervalFactor": 2,
          "legendFormat": "",
          "metric": "",
          "refId": "A",
          "step": 14400
        }
      ],
      "thresholds": "",
      "title": "Uptime",
      "type": "singlestat",
      "valueFontSize": "80%",
      "valueMaps": [
        {
          "op": "=",
          "text": "N/A",
          "value": "null"
        }
      ],
      "valueName": "current"
    },
    {
      "cacheTimeout": null,
      "colorBackground": false,
      "colorValue": true,
      "colors": [
        "rgba(245, 54, 54, 0.9)",
        "rgba(237, 129, 40, 0.89)",
        "rgba(50, 172, 45, 0.97)"
      ],
      "datasource": "${DS_DEV}",
      "decimals": null,
      "editable": true,
      "error": false,
      "format": "dateTimeAsIso",
      "gauge": {
        "maxValue": 100,
        "minValue": 0,
        "show": false,
        "thresholdLabels": false,
        "thresholdMarkers": true
      },
      "gridPos": {
        "h": 3,
        "w": 6,
        "x": 6,
        "y": 1
      },
      "height": "",
      "id": 92,
      "interval": null,
      "links": [],
      "mappingType": 1,
      "mappingTypes": [
        {
          "name": "value to text",
          "value": 1
        },
        {
          "name": "range to text",
          "value": 2
        }
      ],
      "maxDataPoints": 100,
      "nullPointMode": "connected",
      "nullText": null,
      "options": {},
      "postfix": "",
      "postfixFontSize": "50%",
      "prefix": "",
      "prefixFontSize": "70%",
      "rangeMaps": [
        {
          "from": "null",
          "text": "N/A",
          "to": "null"
        }
      ],
      "sparkline": {
        "fillColor": "rgba(31, 118, 189, 0.18)",
        "full": false,
        "lineColor": "rgb(31, 120, 193)",
        "show": false
      },
      "tableColumn": "",
      "targets": [
        {
          "expr": "process_start_time_seconds{namespace=~\"$namespace\",app=~\"$application\", kubernetes_pod_name=~\"$podname\"}*1000",
          "format": "time_series",
          "intervalFactor": 2,
          "legendFormat": "",
          "metric": "",
          "refId": "A",
          "step": 14400
        }
      ],
      "thresholds": "",
      "title": "Start time",
      "type": "singlestat",
      "valueFontSize": "70%",
      "valueMaps": [
        {
          "op": "=",
          "text": "N/A",
          "value": "null"
        }
      ],
      "valueName": "current"
    },
    {
      "cacheTimeout": null,
      "colorBackground": false,
      "colorValue": true,
      "colors": [
        "rgba(50, 172, 45, 0.97)",
        "rgba(237, 129, 40, 0.89)",
        "rgba(245, 54, 54, 0.9)"
      ],
      "datasource": "${DS_DEV}",
      "decimals": 2,
      "editable": true,
      "error": false,
      "format": "percent",
      "gauge": {
        "maxValue": 100,
        "minValue": 0,
        "show": false,
        "thresholdLabels": false,
        "thresholdMarkers": true
      },
      "gridPos": {
        "h": 3,
        "w": 6,
        "x": 12,
        "y": 1
      },
      "id": 65,
      "interval": null,
      "links": [],
      "mappingType": 1,
      "mappingTypes": [
        {
          "name": "value to text",
          "value": 1
        },
        {
          "name": "range to text",
          "value": 2
        }
      ],
      "maxDataPoints": 100,
      "nullPointMode": "connected",
      "nullText": null,
      "options": {},
      "postfix": "",
      "postfixFontSize": "50%",
      "prefix": "",
      "prefixFontSize": "70%",
      "rangeMaps": [
        {
          "from": "null",
          "text": "N/A",
          "to": "null"
        }
      ],
      "sparkline": {
        "fillColor": "rgba(31, 118, 189, 0.18)",
        "full": false,
        "lineColor": "rgb(31, 120, 193)",
        "show": false
      },
      "tableColumn": "",
      "targets": [
        {
          "expr": "sum(jvm_memory_used_bytes{namespace=~\"$namespace\",app=~\"$application\", kubernetes_pod_name=~\"$podname\", area=\"heap\"})*100/sum(jvm_memory_max_bytes{namespace=~\"$namespace\",app=~\"$application\", kubernetes_pod_name=~\"$podname\", area=\"heap\"})",
          "format": "time_series",
          "intervalFactor": 2,
          "legendFormat": "",
          "refId": "A",
          "step": 14400
        }
      ],
      "thresholds": "70,90",
      "title": "Heap used",
      "type": "singlestat",
      "valueFontSize": "80%",
      "valueMaps": [
        {
          "op": "=",
          "text": "N/A",
          "value": "null"
        }
      ],
      "valueName": "current"
    },
    {
      "cacheTimeout": null,
      "colorBackground": false,
      "colorValue": true,
      "colors": [
        "rgba(50, 172, 45, 0.97)",
        "rgba(237, 129, 40, 0.89)",
        "rgba(245, 54, 54, 0.9)"
      ],
      "datasource": "${DS_DEV}",
      "decimals": 2,
      "editable": true,
      "error": false,
      "format": "percent",
      "gauge": {
        "maxValue": 100,
        "minValue": 0,
        "show": false,
        "thresholdLabels": false,
        "thresholdMarkers": true
      },
      "gridPos": {
        "h": 3,
        "w": 6,
        "x": 18,
        "y": 1
      },
      "id": 75,
      "interval": null,
      "links": [],
      "mappingType": 2,
      "mappingTypes": [
        {
          "name": "value to text",
          "value": 1
        },
        {
          "name": "range to text",
          "value": 2
        }
      ],
      "maxDataPoints": 100,
      "nullPointMode": "connected",
      "nullText": null,
      "options": {},
      "postfix": "",
      "postfixFontSize": "50%",
      "prefix": "",
      "prefixFontSize": "70%",
      "rangeMaps": [
        {
          "from": "null",
          "text": "N/A",
          "to": "null"
        },
        {
          "from": "-99999999999999999999999999999999",
          "text": "N/A",
          "to": "0"
        }
      ],
      "sparkline": {
        "fillColor": "rgba(31, 118, 189, 0.18)",
        "full": false,
        "lineColor": "rgb(31, 120, 193)",
        "show": false
      },
      "tableColumn": "",
      "targets": [
        {
          "expr": "sum(jvm_memory_used_bytes{namespace=~\"$namespace\",app=~\"$application\", kubernetes_pod_name=~\"$podname\", area=\"nonheap\"})*100/sum(jvm_memory_max_bytes{namespace=~\"$namespace\",app=~\"$application\", kubernetes_pod_name=~\"$podname\", area=\"heap\"})",
          "format": "time_series",
          "intervalFactor": 2,
          "legendFormat": "",
          "refId": "A",
          "step": 14400
        }
      ],
      "thresholds": "70,90",
      "title": "Non-Heap used",
      "type": "singlestat",
      "valueFontSize": "80%",
      "valueMaps": [
        {
          "op": "=",
          "text": "N/A",
          "value": "null"
        },
        {
          "op": "=",
          "text": "x",
          "value": ""
        }
      ],
      "valueName": "current"
    },
    {
      "collapsed": false,
      "datasource": "${DS_DEV}",
      "gridPos": {
        "h": 1,
        "w": 24,
        "x": 0,
        "y": 4
      },
      "id": 126,
      "panels": [],
      "repeat": null,
      "title": "I/O Overview",
      "type": "row"
    },
    {
      "aliasColors": {},
      "bars": false,
      "dashLength": 10,
      "dashes": false,
      "datasource": "${DS_DEV}",
      "fill": 1,
      "fillGradient": 0,
      "gridPos": {
        "h": 7,
        "w": 6,
        "x": 0,
        "y": 5
      },
      "hiddenSeries": false,
      "id": 111,
      "legend": {
        "avg": false,
        "current": true,
        "max": false,
        "min": false,
        "show": true,
        "total": false,
        "values": true
      },
      "lines": true,
      "linewidth": 1,
      "links": [],
      "nullPointMode": "null",
      "options": {
        "dataLinks": []
      },
      "percentage": false,
      "pointradius": 5,
      "points": false,
      "renderer": "flot",
      "seriesOverrides": [],
      "spaceLength": 10,
      "stack": false,
      "steppedLine": false,
      "targets": [
        {
          "expr": "sum(rate(http_server_requests_seconds_count{namespace=~\"$namespace\",app=~\"$application\", kubernetes_pod_name=~\"$podname\"}[5m]))",
          "format": "time_series",
          "intervalFactor": 1,
          "legendFormat": "HTTP",
          "refId": "A"
        }
      ],
      "thresholds": [],
      "timeFrom": null,
      "timeRegions": [],
      "timeShift": null,
      "title": "Rate",
      "tooltip": {
        "shared": true,
        "sort": 0,
        "value_type": "individual"
      },
      "type": "graph",
      "xaxis": {
        "buckets": null,
        "mode": "time",
        "name": null,
        "show": true,
        "values": []
      },
      "yaxes": [
        {
          "decimals": null,
          "format": "ops",
          "label": null,
          "logBase": 1,
          "max": null,
          "min": "0",
          "show": true
        },
        {
          "format": "short",
          "label": null,
          "logBase": 1,
          "max": null,
          "min": null,
          "show": true
        }
      ],
      "yaxis": {
        "align": false,
        "alignLevel": null
      }
    },
    {
      "aliasColors": {
        "HTTP": "#890f02",
        "HTTP - 5xx": "#bf1b00"
      },
      "bars": false,
      "dashLength": 10,
      "dashes": false,
      "datasource": "${DS_DEV}",
      "fill": 1,
      "fillGradient": 0,
      "gridPos": {
        "h": 7,
        "w": 6,
        "x": 6,
        "y": 5
      },
      "hiddenSeries": false,
      "id": 112,
      "legend": {
        "avg": false,
        "current": true,
        "max": false,
        "min": false,
        "show": true,
        "total": false,
        "values": true
      },
      "lines": true,
      "linewidth": 1,
      "links": [],
      "nullPointMode": "null",
      "options": {
        "dataLinks": []
      },
      "percentage": false,
      "pointradius": 5,
      "points": false,
      "renderer": "flot",
      "seriesOverrides": [],
      "spaceLength": 10,
      "stack": false,
      "steppedLine": false,
      "targets": [
        {
          "expr": "sum(rate(http_server_requests_seconds_count{namespace=~\"$namespace\",app=~\"$application\", kubernetes_pod_name=~\"$podname\", status=~\"5..\"}[5m]))",
          "format": "time_series",
          "intervalFactor": 1,
          "legendFormat": "HTTP - 5xx",
          "refId": "A"
        }
      ],
      "thresholds": [],
      "timeFrom": null,
      "timeRegions": [],
      "timeShift": null,
      "title": "Errors",
      "tooltip": {
        "shared": true,
        "sort": 0,
        "value_type": "individual"
      },
      "type": "graph",
      "xaxis": {
        "buckets": null,
        "mode": "time",
        "name": null,
        "show": true,
        "values": []
      },
      "yaxes": [
        {
          "decimals": null,
          "format": "ops",
          "label": null,
          "logBase": 1,
          "max": null,
          "min": "0",
          "show": true
        },
        {
          "format": "short",
          "label": null,
          "logBase": 1,
          "max": null,
          "min": null,
          "show": true
        }
      ],
      "yaxis": {
        "align": false,
        "alignLevel": null
      }
    },
    {
      "aliasColors": {},
      "bars": false,
      "dashLength": 10,
      "dashes": false,
      "datasource": "${DS_DEV}",
      "fill": 1,
      "fillGradient": 0,
      "gridPos": {
        "h": 7,
        "w": 6,
        "x": 12,
        "y": 5
      },
      "hiddenSeries": false,
      "id": 113,
      "legend": {
        "avg": false,
        "current": true,
        "max": false,
        "min": false,
        "show": true,
        "total": false,
        "values": true
      },
      "lines": true,
      "linewidth": 1,
      "links": [],
      "nullPointMode": "null",
      "options": {
        "dataLinks": []
      },
      "percentage": false,
      "pointradius": 5,
      "points": false,
      "renderer": "flot",
      "seriesOverrides": [],
      "spaceLength": 10,
      "stack": false,
      "steppedLine": false,
      "targets": [
        {
          "expr": "sum(rate(http_server_requests_seconds_sum{namespace=~\"$namespace\",app=~\"$application\", kubernetes_pod_name=~\"$podname\", status!~\"5..\"}[1m]))/sum(rate(http_server_requests_seconds_count{namespace=~\"$namespace\",app=~\"$application\", kubernetes_pod_name=~\"$podname\", status!~\"5..\"}[1m]))",
          "format": "time_series",
          "hide": false,
          "intervalFactor": 1,
          "legendFormat": "HTTP - AVG",
          "refId": "A"
        },
        {
          "expr": "max(http_server_requests_seconds_max{namespace=~\"$namespace\",app=~\"$application\", kubernetes_pod_name=~\"$podname\", status!~\"5..\"})",
          "format": "time_series",
          "hide": false,
          "intervalFactor": 1,
          "legendFormat": "HTTP - MAX",
          "refId": "B"
        }
      ],
      "thresholds": [],
      "timeFrom": null,
      "timeRegions": [],
      "timeShift": null,
      "title": "Duration",
      "tooltip": {
        "shared": true,
        "sort": 0,
        "value_type": "individual"
      },
      "type": "graph",
      "xaxis": {
        "buckets": null,
        "mode": "time",
        "name": null,
        "show": true,
        "values": []
      },
      "yaxes": [
        {
          "format": "s",
          "label": null,
          "logBase": 1,
          "max": null,
          "min": "0",
          "show": true
        },
        {
          "format": "short",
          "label": null,
          "logBase": 1,
          "max": null,
          "min": null,
          "show": true
        }
      ],
      "yaxis": {
        "align": false,
        "alignLevel": null
      }
    },
    {
      "aliasColors": {},
      "bars": false,
      "dashLength": 10,
      "dashes": false,
      "datasource": "${DS_DEV}",
      "description": "",
      "fill": 1,
      "fillGradient": 0,
      "gridPos": {
        "h": 7,
        "w": 6,
        "x": 18,
        "y": 5
      },
      "hiddenSeries": false,
      "id": 119,
      "legend": {
        "alignAsTable": false,
        "avg": false,
        "current": true,
        "max": false,
        "min": false,
        "show": true,
        "total": false,
        "values": true
      },
      "lines": true,
      "linewidth": 1,
      "links": [],
      "nullPointMode": "null",
      "options": {
        "dataLinks": []
      },
      "percentage": false,
      "pointradius": 5,
      "points": false,
      "renderer": "flot",
      "seriesOverrides": [],
      "spaceLength": 10,
      "stack": false,
      "steppedLine": false,
      "targets": [
        {
          "expr": "tomcat_threads_busy_threads{namespace=~\"$namespace\",app=~\"$application\", kubernetes_pod_name=~\"$podname\"}",
          "format": "time_series",
          "hide": false,
          "intervalFactor": 2,
          "legendFormat": "TOMCAT - BSY",
          "refId": "A"
        },
        {
          "expr": "tomcat_threads_current_threads{namespace=~\"$namespace\",app=~\"$application\", kubernetes_pod_name=~\"$podname\"}",
          "format": "time_series",
          "hide": false,
          "intervalFactor": 2,
          "legendFormat": "TOMCAT - CUR",
          "refId": "B"
        },
        {
          "expr": "tomcat_threads_config_max_threads{namespace=~\"$namespace\",app=~\"$application\", kubernetes_pod_name=~\"$podname\"}",
          "format": "time_series",
          "hide": false,
          "intervalFactor": 2,
          "legendFormat": "TOMCAT - MAX",
          "refId": "C"
        },
        {
          "expr": "jetty_threads_busy{namespace=~\"$namespace\",app=~\"$application\", kubernetes_pod_name=~\"$podname\"}",
          "format": "time_series",
          "hide": false,
          "intervalFactor": 2,
          "legendFormat": "JETTY - BSY",
          "refId": "D"
        },
        {
          "expr": "jetty_threads_current{namespace=~\"$namespace\",app=~\"$application\", kubernetes_pod_name=~\"$podname\"}",
          "format": "time_series",
          "hide": false,
          "intervalFactor": 2,
          "legendFormat": "JETTY - CUR",
          "refId": "E"
        },
        {
          "expr": "jetty_threads_config_max{namespace=~\"$namespace\",app=~\"$application\", kubernetes_pod_name=~\"$podname\"}",
          "format": "time_series",
          "hide": false,
          "intervalFactor": 2,
          "legendFormat": "JETTY - MAX",
          "refId": "F"
        }
      ],
      "thresholds": [],
      "timeFrom": null,
      "timeRegions": [],
      "timeShift": null,
      "title": "Utilisation",
      "tooltip": {
        "shared": true,
        "sort": 0,
        "value_type": "individual"
      },
      "type": "graph",
      "xaxis": {
        "buckets": null,
        "mode": "time",
        "name": null,
        "show": true,
        "values": []
      },
      "yaxes": [
        {
          "format": "short",
          "label": null,
          "logBase": 1,
          "max": null,
          "min": "0",
          "show": true
        },
        {
          "format": "short",
          "label": null,
          "logBase": 1,
          "max": null,
          "min": null,
          "show": true
        }
      ],
      "yaxis": {
        "align": false,
        "alignLevel": null
      }
    },
    {
      "collapsed": false,
      "datasource": "${DS_DEV}",
      "gridPos": {
        "h": 1,
        "w": 24,
        "x": 0,
        "y": 12
      },
      "id": 127,
      "panels": [],
      "repeat": null,
      "title": "JVM Memory",
      "type": "row"
    },
    {
      "aliasColors": {},
      "bars": false,
      "dashLength": 10,
      "dashes": false,
      "datasource": "${DS_DEV}",
      "editable": true,
      "error": false,
      "fill": 1,
      "fillGradient": 0,
      "grid": {
        "leftLogBase": 1,
        "leftMax": null,
        "leftMin": null,
        "rightLogBase": 1,
        "rightMax": null,
        "rightMin": null
      },
      "gridPos": {
        "h": 7,
        "w": 6,
        "x": 0,
        "y": 13
      },
      "hiddenSeries": false,
      "id": 24,
      "legend": {
        "avg": false,
        "current": true,
        "max": true,
        "min": false,
        "show": true,
        "total": false,
        "values": true
      },
      "lines": true,
      "linewidth": 1,
      "links": [],
      "nullPointMode": "null",
      "options": {
        "dataLinks": []
      },
      "percentage": false,
      "pointradius": 5,
      "points": false,
      "renderer": "flot",
      "seriesOverrides": [],
      "spaceLength": 10,
      "stack": false,
      "steppedLine": false,
      "targets": [
        {
          "expr": "sum(jvm_memory_used_bytes{namespace=~\"$namespace\",app=~\"$application\", kubernetes_pod_name=~\"$podname\", area=\"heap\"})",
          "format": "time_series",
          "intervalFactor": 2,
          "legendFormat": "used",
          "metric": "",
          "refId": "A",
          "step": 2400
        },
        {
          "expr": "sum(jvm_memory_committed_bytes{namespace=~\"$namespace\",app=~\"$application\", kubernetes_pod_name=~\"$podname\", area=\"heap\"})",
          "format": "time_series",
          "intervalFactor": 2,
          "legendFormat": "committed",
          "refId": "B",
          "step": 2400
        },
        {
          "expr": "sum(jvm_memory_max_bytes{namespace=~\"$namespace\",app=~\"$application\", kubernetes_pod_name=~\"$podname\", area=\"heap\"})",
          "format": "time_series",
          "intervalFactor": 2,
          "legendFormat": "max",
          "refId": "C",
          "step": 2400
        }
      ],
      "thresholds": [],
      "timeFrom": null,
      "timeRegions": [],
      "timeShift": null,
      "title": "JVM Heap",
      "tooltip": {
        "msResolution": false,
        "shared": true,
        "sort": 0,
        "value_type": "cumulative"
      },
      "type": "graph",
      "x-axis": true,
      "xaxis": {
        "buckets": null,
        "mode": "time",
        "name": null,
        "show": true,
        "values": []
      },
      "y-axis": true,
      "y_formats": [
        "mbytes",
        "short"
      ],
      "yaxes": [
        {
          "format": "bytes",
          "label": null,
          "logBase": 1,
          "max": null,
          "min": 0,
          "show": true
        },
        {
          "format": "short",
          "label": null,
          "logBase": 1,
          "max": null,
          "min": null,
          "show": true
        }
      ],
      "yaxis": {
        "align": false,
        "alignLevel": null
      }
    },
    {
      "aliasColors": {},
      "bars": false,
      "dashLength": 10,
      "dashes": false,
      "datasource": "${DS_DEV}",
      "editable": true,
      "error": false,
      "fill": 1,
      "fillGradient": 0,
      "grid": {
        "leftLogBase": 1,
        "leftMax": null,
        "leftMin": null,
        "rightLogBase": 1,
        "rightMax": null,
        "rightMin": null
      },
      "gridPos": {
        "h": 7,
        "w": 6,
        "x": 6,
        "y": 13
      },
      "hiddenSeries": false,
      "id": 25,
      "legend": {
        "avg": false,
        "current": true,
        "max": true,
        "min": false,
        "show": true,
        "total": false,
        "values": true
      },
      "lines": true,
      "linewidth": 1,
      "links": [],
      "nullPointMode": "null",
      "options": {
        "dataLinks": []
      },
      "percentage": false,
      "pointradius": 5,
      "points": false,
      "renderer": "flot",
      "seriesOverrides": [],
      "spaceLength": 10,
      "stack": false,
      "steppedLine": false,
      "targets": [
        {
          "expr": "sum(jvm_memory_used_bytes{namespace=~\"$namespace\",app=~\"$application\", kubernetes_pod_name=~\"$podname\", area=\"nonheap\"})",
          "format": "time_series",
          "interval": "",
          "intervalFactor": 2,
          "legendFormat": "used",
          "metric": "",
          "refId": "A",
          "step": 2400
        },
        {
          "expr": "sum(jvm_memory_committed_bytes{namespace=~\"$namespace\",app=~\"$application\", kubernetes_pod_name=~\"$podname\", area=\"nonheap\"})",
          "format": "time_series",
          "intervalFactor": 2,
          "legendFormat": "committed",
          "refId": "B",
          "step": 2400
        },
        {
          "expr": "sum(jvm_memory_max_bytes{namespace=~\"$namespace\",app=~\"$application\", kubernetes_pod_name=~\"$podname\", area=\"nonheap\"})",
          "format": "time_series",
          "intervalFactor": 2,
          "legendFormat": "max",
          "refId": "C",
          "step": 2400
        }
      ],
      "thresholds": [],
      "timeFrom": null,
      "timeRegions": [],
      "timeShift": null,
      "title": "JVM Non-Heap",
      "tooltip": {
        "msResolution": false,
        "shared": true,
        "sort": 0,
        "value_type": "cumulative"
      },
      "type": "graph",
      "x-axis": true,
      "xaxis": {
        "buckets": null,
        "mode": "time",
        "name": null,
        "show": true,
        "values": []
      },
      "y-axis": true,
      "y_formats": [
        "mbytes",
        "short"
      ],
      "yaxes": [
        {
          "format": "bytes",
          "label": null,
          "logBase": 1,
          "max": null,
          "min": 0,
          "show": true
        },
        {
          "format": "short",
          "label": null,
          "logBase": 1,
          "max": null,
          "min": null,
          "show": true
        }
      ],
      "yaxis": {
        "align": false,
        "alignLevel": null
      }
    },
    {
      "aliasColors": {},
      "bars": false,
      "dashLength": 10,
      "dashes": false,
      "datasource": "${DS_DEV}",
      "editable": true,
      "error": false,
      "fill": 1,
      "fillGradient": 0,
      "grid": {
        "leftLogBase": 1,
        "leftMax": null,
        "leftMin": null,
        "rightLogBase": 1,
        "rightMax": null,
        "rightMin": null
      },
      "gridPos": {
        "h": 7,
        "w": 6,
        "x": 12,
        "y": 13
      },
      "hiddenSeries": false,
      "id": 26,
      "legend": {
        "alignAsTable": false,
        "avg": false,
        "current": true,
        "max": true,
        "min": false,
        "show": true,
        "total": false,
        "values": true
      },
      "lines": true,
      "linewidth": 1,
      "links": [],
      "nullPointMode": "null",
      "options": {
        "dataLinks": []
      },
      "percentage": false,
      "pointradius": 5,
      "points": false,
      "renderer": "flot",
      "seriesOverrides": [],
      "spaceLength": 10,
      "stack": false,
      "steppedLine": false,
      "targets": [
        {
          "expr": "sum(jvm_memory_used_bytes{namespace=~\"$namespace\",app=~\"$application\", kubernetes_pod_name=~\"$podname\"})",
          "format": "time_series",
          "intervalFactor": 2,
          "legendFormat": "used",
          "metric": "",
          "refId": "A",
          "step": 2400
        },
        {
          "expr": "sum(jvm_memory_committed_bytes{namespace=~\"$namespace\",app=~\"$application\", kubernetes_pod_name=~\"$podname\"})",
          "format": "time_series",
          "intervalFactor": 2,
          "legendFormat": "committed",
          "refId": "B",
          "step": 2400
        },
        {
          "expr": "sum(jvm_memory_max_bytes{namespace=~\"$namespace\",app=~\"$application\", kubernetes_pod_name=~\"$podname\"})",
          "format": "time_series",
          "intervalFactor": 2,
          "legendFormat": "max",
          "refId": "C",
          "step": 2400
        }
      ],
      "thresholds": [],
      "timeFrom": null,
      "timeRegions": [],
      "timeShift": null,
      "title": "JVM Total",
      "tooltip": {
        "msResolution": false,
        "shared": true,
        "sort": 0,
        "value_type": "cumulative"
      },
      "type": "graph",
      "x-axis": true,
      "xaxis": {
        "buckets": null,
        "mode": "time",
        "name": null,
        "show": true,
        "values": []
      },
      "y-axis": true,
      "y_formats": [
        "mbytes",
        "short"
      ],
      "yaxes": [
        {
          "format": "bytes",
          "label": "",
          "logBase": 1,
          "max": null,
          "min": 0,
          "show": true
        },
        {
          "format": "short",
          "label": null,
          "logBase": 1,
          "max": null,
          "min": null,
          "show": true
        }
      ],
      "yaxis": {
        "align": false,
        "alignLevel": null
      }
    },
    {
      "aliasColors": {},
      "bars": false,
      "dashLength": 10,
      "dashes": false,
      "datasource": "${DS_DEV}",
      "editable": true,
      "error": false,
      "fill": 1,
      "fillGradient": 0,
      "grid": {
        "leftLogBase": 1,
        "leftMax": null,
        "leftMin": null,
        "rightLogBase": 1,
        "rightMax": null,
        "rightMin": null
      },
      "gridPos": {
        "h": 7,
        "w": 6,
        "x": 18,
        "y": 13
      },
      "hiddenSeries": false,
      "id": 86,
      "legend": {
        "avg": false,
        "current": true,
        "max": true,
        "min": false,
        "show": true,
        "total": false,
        "values": true
      },
      "lines": true,
      "linewidth": 1,
      "links": [],
      "nullPointMode": "null",
      "options": {
        "dataLinks": []
      },
      "percentage": false,
      "pointradius": 5,
      "points": false,
      "renderer": "flot",
      "seriesOverrides": [],
      "spaceLength": 10,
      "stack": false,
      "steppedLine": false,
      "targets": [
        {
          "expr": "process_memory_vss_bytes{namespace=~\"$namespace\",app=~\"$application\", kubernetes_pod_name=~\"$podname\"}",
          "format": "time_series",
          "hide": true,
          "intervalFactor": 2,
          "legendFormat": "vss",
          "metric": "",
          "refId": "A",
          "step": 2400
        },
        {
          "expr": "process_memory_rss_bytes{namespace=~\"$namespace\",app=~\"$application\", kubernetes_pod_name=~\"$podname\"}",
          "format": "time_series",
          "intervalFactor": 2,
          "legendFormat": "rss",
          "refId": "B"
        },
        {
          "expr": "process_memory_swap_bytes{namespace=~\"$namespace\",app=~\"$application\", kubernetes_pod_name=~\"$podname\"}",
          "format": "time_series",
          "intervalFactor": 2,
          "legendFormat": "swap",
          "refId": "C"
        },
        {
          "expr": "process_memory_rss_bytes{namespace=~\"$namespace\",app=~\"$application\", kubernetes_pod_name=~\"$podname\"} + process_memory_swap_bytes{namespace=~\"$namespace\",app=~\"$application\", kubernetes_pod_name=~\"$podname\"}",
          "format": "time_series",
          "intervalFactor": 2,
          "legendFormat": "total",
          "refId": "D"
        }
      ],
      "thresholds": [],
      "timeFrom": null,
      "timeRegions": [],
      "timeShift": null,
      "title": "JVM Process Memory",
      "tooltip": {
        "msResolution": false,
        "shared": true,
        "sort": 0,
        "value_type": "cumulative"
      },
      "type": "graph",
      "x-axis": true,
      "xaxis": {
        "buckets": null,
        "mode": "time",
        "name": null,
        "show": true,
        "values": []
      },
      "y-axis": true,
      "y_formats": [
        "mbytes",
        "short"
      ],
      "yaxes": [
        {
          "format": "bytes",
          "label": "",
          "logBase": 1,
          "max": null,
          "min": "0",
          "show": true
        },
        {
          "format": "short",
          "label": null,
          "logBase": 1,
          "max": null,
          "min": null,
          "show": true
        }
      ],
      "yaxis": {
        "align": false,
        "alignLevel": null
      }
    },
    {
      "collapsed": false,
      "datasource": "${DS_DEV}",
      "gridPos": {
        "h": 1,
        "w": 24,
        "x": 0,
        "y": 20
      },
      "id": 128,
      "panels": [],
      "repeat": null,
      "title": "JVM Misc",
      "type": "row"
    },
    {
      "aliasColors": {},
      "bars": false,
      "dashLength": 10,
      "dashes": false,
      "datasource": "${DS_DEV}",
      "editable": true,
      "error": false,
      "fill": 1,
      "fillGradient": 0,
      "grid": {
        "leftLogBase": 1,
        "leftMax": null,
        "leftMin": null,
        "rightLogBase": 1,
        "rightMax": null,
        "rightMin": null
      },
      "gridPos": {
        "h": 7,
        "w": 6,
        "x": 0,
        "y": 21
      },
      "hiddenSeries": false,
      "id": 106,
      "legend": {
        "avg": false,
        "current": true,
        "max": true,
        "min": false,
        "show": true,
        "total": false,
        "values": true
      },
      "lines": true,
      "linewidth": 1,
      "links": [],
      "nullPointMode": "null",
      "options": {
        "dataLinks": []
      },
      "percentage": false,
      "pointradius": 5,
      "points": false,
      "renderer": "flot",
      "seriesOverrides": [],
      "spaceLength": 10,
      "stack": false,
      "steppedLine": false,
      "targets": [
        {
          "expr": "system_cpu_usage{namespace=~\"$namespace\",app=~\"$application\", kubernetes_pod_name=~\"$podname\"}",
          "format": "time_series",
          "hide": false,
          "intervalFactor": 1,
          "legendFormat": "system",
          "metric": "",
          "refId": "A",
          "step": 2400
        },
        {
          "expr": "process_cpu_usage{namespace=~\"$namespace\",app=~\"$application\", kubernetes_pod_name=~\"$podname\"}",
          "format": "time_series",
          "hide": false,
          "intervalFactor": 1,
          "legendFormat": "process",
          "refId": "B"
        },
        {
          "expr": "avg_over_time(process_cpu_usage{namespace=~\"$namespace\",app=~\"$application\", kubernetes_pod_name=~\"$podname\"}[1h])",
          "format": "time_series",
          "hide": false,
          "intervalFactor": 1,
          "legendFormat": "process-1h",
          "refId": "C"
        }
      ],
      "thresholds": [],
      "timeFrom": null,
      "timeRegions": [],
      "timeShift": null,
      "title": "CPU Usage",
      "tooltip": {
        "msResolution": false,
        "shared": true,
        "sort": 0,
        "value_type": "cumulative"
      },
      "type": "graph",
      "x-axis": true,
      "xaxis": {
        "buckets": null,
        "mode": "time",
        "name": null,
        "show": true,
        "values": []
      },
      "y-axis": true,
      "y_formats": [
        "short",
        "short"
      ],
      "yaxes": [
        {
          "decimals": 1,
          "format": "percentunit",
          "label": "",
          "logBase": 1,
          "max": "1",
          "min": 0,
          "show": true
        },
        {
          "format": "short",
          "label": null,
          "logBase": 1,
          "max": null,
          "min": null,
          "show": true
        }
      ],
      "yaxis": {
        "align": false,
        "alignLevel": null
      }
    },
    {
      "aliasColors": {},
      "bars": false,
      "dashLength": 10,
      "dashes": false,
      "datasource": "${DS_DEV}",
      "editable": true,
      "error": false,
      "fill": 1,
      "fillGradient": 0,
      "grid": {
        "leftLogBase": 1,
        "leftMax": null,
        "leftMin": null,
        "rightLogBase": 1,
        "rightMax": null,
        "rightMin": null
      },
      "gridPos": {
        "h": 7,
        "w": 6,
        "x": 6,
        "y": 21
      },
      "hiddenSeries": false,
      "id": 93,
      "legend": {
        "avg": false,
        "current": true,
        "max": true,
        "min": false,
        "show": true,
        "total": false,
        "values": true
      },
      "lines": true,
      "linewidth": 1,
      "links": [],
      "nullPointMode": "null",
      "options": {
        "dataLinks": []
      },
      "percentage": false,
      "pointradius": 5,
      "points": false,
      "renderer": "flot",
      "seriesOverrides": [],
      "spaceLength": 10,
      "stack": false,
      "steppedLine": false,
      "targets": [
        {
          "expr": "system_load_average_1m{namespace=~\"$namespace\",app=~\"$application\", kubernetes_pod_name=~\"$podname\"}",
          "format": "time_series",
          "intervalFactor": 2,
          "legendFormat": "system-1m",
          "metric": "",
          "refId": "A",
          "step": 2400
        },
        {
          "expr": "system_cpu_count{namespace=~\"$namespace\",app=~\"$application\", kubernetes_pod_name=~\"$podname\"}",
          "format": "time_series",
          "intervalFactor": 2,
          "legendFormat": "cpus",
          "refId": "B"
        }
      ],
      "thresholds": [],
      "timeFrom": null,
      "timeRegions": [],
      "timeShift": null,
      "title": "Load",
      "tooltip": {
        "msResolution": false,
        "shared": true,
        "sort": 0,
        "value_type": "cumulative"
      },
      "type": "graph",
      "x-axis": true,
      "xaxis": {
        "buckets": null,
        "mode": "time",
        "name": null,
        "show": true,
        "values": []
      },
      "y-axis": true,
      "y_formats": [
        "short",
        "short"
      ],
      "yaxes": [
        {
          "decimals": 1,
          "format": "short",
          "label": "",
          "logBase": 1,
          "max": null,
          "min": 0,
          "show": true
        },
        {
          "format": "short",
          "label": null,
          "logBase": 1,
          "max": null,
          "min": null,
          "show": true
        }
      ],
      "yaxis": {
        "align": false,
        "alignLevel": null
      }
    },
    {
      "aliasColors": {},
      "bars": false,
      "dashLength": 10,
      "dashes": false,
      "datasource": "${DS_DEV}",
      "editable": true,
      "error": false,
      "fill": 1,
      "fillGradient": 0,
      "grid": {
        "leftLogBase": 1,
        "leftMax": null,
        "leftMin": null,
        "rightLogBase": 1,
        "rightMax": null,
        "rightMin": null
      },
      "gridPos": {
        "h": 7,
        "w": 6,
        "x": 12,
        "y": 21
      },
      "hiddenSeries": false,
      "id": 32,
      "legend": {
        "avg": false,
        "current": true,
        "max": true,
        "min": false,
        "show": true,
        "total": false,
        "values": true
      },
      "lines": true,
      "linewidth": 1,
      "links": [],
      "nullPointMode": "null",
      "options": {
        "dataLinks": []
      },
      "percentage": false,
      "pointradius": 5,
      "points": false,
      "renderer": "flot",
      "seriesOverrides": [],
      "spaceLength": 10,
      "stack": false,
      "steppedLine": false,
      "targets": [
        {
          "expr": "jvm_threads_live_threads{namespace=~\"$namespace\",app=~\"$application\", kubernetes_pod_name=~\"$podname\"}",
          "format": "time_series",
          "intervalFactor": 2,
          "legendFormat": "live",
          "metric": "",
          "refId": "A",
          "step": 2400
        },
        {
          "expr": "jvm_threads_daemon_threads{namespace=~\"$namespace\",app=~\"$application\", kubernetes_pod_name=~\"$podname\"}",
          "format": "time_series",
          "intervalFactor": 2,
          "legendFormat": "daemon",
          "metric": "",
          "refId": "B",
          "step": 2400
        },
        {
          "expr": "jvm_threads_peak_threads{namespace=~\"$namespace\",app=~\"$application\", kubernetes_pod_name=~\"$podname\"}",
          "format": "time_series",
          "intervalFactor": 2,
          "legendFormat": "peak",
          "refId": "C",
          "step": 2400
        },
        {
          "expr": "process_threads{namespace=~\"$namespace\",app=~\"$application\", kubernetes_pod_name=~\"$podname\"}",
          "format": "time_series",
          "interval": "",
          "intervalFactor": 2,
          "legendFormat": "process",
          "refId": "D",
          "step": 2400
        }
      ],
      "thresholds": [],
      "timeFrom": null,
      "timeRegions": [],
      "timeShift": null,
      "title": "Threads",
      "tooltip": {
        "msResolution": false,
        "shared": true,
        "sort": 0,
        "value_type": "cumulative"
      },
      "type": "graph",
      "x-axis": true,
      "xaxis": {
        "buckets": null,
        "mode": "time",
        "name": null,
        "show": true,
        "values": []
      },
      "y-axis": true,
      "y_formats": [
        "short",
        "short"
      ],
      "yaxes": [
        {
          "decimals": 0,
          "format": "short",
          "label": null,
          "logBase": 1,
          "max": null,
          "min": 0,
          "show": true
        },
        {
          "format": "short",
          "label": null,
          "logBase": 1,
          "max": null,
          "min": null,
          "show": true
        }
      ],
      "yaxis": {
        "align": false,
        "alignLevel": null
      }
    },
    {
      "aliasColors": {
        "blocked": "#bf1b00",
        "new": "#fce2de",
        "runnable": "#7eb26d",
        "terminated": "#511749",
        "timed-waiting": "#c15c17",
        "waiting": "#eab839"
      },
      "bars": false,
      "dashLength": 10,
      "dashes": false,
      "datasource": "${DS_DEV}",
      "fill": 1,
      "fillGradient": 0,
      "gridPos": {
        "h": 7,
        "w": 6,
        "x": 18,
        "y": 21
      },
      "hiddenSeries": false,
      "id": 124,
      "legend": {
        "alignAsTable": false,
        "avg": false,
        "current": true,
        "max": true,
        "min": false,
        "rightSide": false,
        "show": true,
        "total": false,
        "values": true
      },
      "lines": true,
      "linewidth": 1,
      "links": [],
      "nullPointMode": "null",
      "options": {
        "dataLinks": []
      },
      "percentage": false,
      "pointradius": 5,
      "points": false,
      "renderer": "flot",
      "seriesOverrides": [],
      "spaceLength": 10,
      "stack": false,
      "steppedLine": false,
      "targets": [
        {
          "expr": "jvm_threads_states_threads{namespace=~\"$namespace\",app=~\"$application\", kubernetes_pod_name=~\"$podname\"}",
          "format": "time_series",
          "intervalFactor": 2,
          "legendFormat": "{{state}}",
          "refId": "A"
        }
      ],
      "thresholds": [],
      "timeFrom": null,
      "timeRegions": [],
      "timeShift": null,
      "title": "Thread States",
      "tooltip": {
        "shared": true,
        "sort": 0,
        "value_type": "individual"
      },
      "type": "graph",
      "xaxis": {
        "buckets": null,
        "mode": "time",
        "name": null,
        "show": true,
        "values": []
      },
      "yaxes": [
        {
          "format": "short",
          "label": null,
          "logBase": 1,
          "max": null,
          "min": null,
          "show": true
        },
        {
          "format": "short",
          "label": null,
          "logBase": 1,
          "max": null,
          "min": null,
          "show": true
        }
      ],
      "yaxis": {
        "align": false,
        "alignLevel": null
      }
    },
    {
      "aliasColors": {
        "debug": "#1F78C1",
        "error": "#BF1B00",
        "info": "#508642",
        "trace": "#6ED0E0",
        "warn": "#EAB839"
      },
      "bars": false,
      "dashLength": 10,
      "dashes": false,
      "datasource": "${DS_DEV}",
      "editable": true,
      "error": false,
      "fill": 1,
      "fillGradient": 0,
      "grid": {
        "leftLogBase": 1,
        "leftMax": null,
        "leftMin": null,
        "rightLogBase": 1,
        "rightMax": null,
        "rightMin": null
      },
      "gridPos": {
        "h": 7,
        "w": 18,
        "x": 0,
        "y": 28
      },
      "height": "",
      "hiddenSeries": false,
      "id": 91,
      "legend": {
        "alignAsTable": false,
        "avg": false,
        "current": true,
        "hideEmpty": false,
        "hideZero": false,
        "max": true,
        "min": false,
        "rightSide": false,
        "show": true,
        "total": false,
        "values": true
      },
      "lines": true,
      "linewidth": 1,
      "links": [],
      "nullPointMode": "null",
      "options": {
        "dataLinks": []
      },
      "percentage": true,
      "pointradius": 5,
      "points": false,
      "renderer": "flot",
      "seriesOverrides": [
        {
          "alias": "error",
          "yaxis": 1
        },
        {
          "alias": "warn",
          "yaxis": 1
        }
      ],
      "spaceLength": 10,
      "stack": false,
      "steppedLine": false,
      "targets": [
        {
          "expr": "increase(logback_events_total{namespace=~\"$namespace\",app=~\"$application\", kubernetes_pod_name=~\"$podname\"}[5m])",
          "format": "time_series",
          "interval": "",
          "intervalFactor": 2,
          "legendFormat": "{{level}}",
          "metric": "",
          "refId": "A",
          "step": 1200
        }
      ],
      "thresholds": [],
      "timeFrom": null,
      "timeRegions": [],
      "timeShift": null,
      "title": "Log Events",
      "tooltip": {
        "msResolution": false,
        "shared": true,
        "sort": 0,
        "value_type": "individual"
      },
      "type": "graph",
      "x-axis": true,
      "xaxis": {
        "buckets": null,
        "mode": "time",
        "name": null,
        "show": true,
        "values": []
      },
      "y-axis": true,
      "y_formats": [
        "short",
        "short"
      ],
      "yaxes": [
        {
          "decimals": 0,
          "format": "opm",
          "label": null,
          "logBase": 1,
          "max": null,
          "min": "0",
          "show": true
        },
        {
          "format": "short",
          "label": null,
          "logBase": 1,
          "max": null,
          "min": null,
          "show": true
        }
      ],
      "yaxis": {
        "align": false,
        "alignLevel": null
      }
    },
    {
      "aliasColors": {},
      "bars": false,
      "dashLength": 10,
      "dashes": false,
      "datasource": "${DS_DEV}",
      "editable": true,
      "error": false,
      "fill": 1,
      "fillGradient": 0,
      "grid": {
        "leftLogBase": 1,
        "leftMax": null,
        "leftMin": null,
        "rightLogBase": 1,
        "rightMax": null,
        "rightMin": null
      },
      "gridPos": {
        "h": 7,
        "w": 6,
        "x": 18,
        "y": 28
      },
      "hiddenSeries": false,
      "id": 61,
      "legend": {
        "avg": false,
        "current": true,
        "max": true,
        "min": false,
        "show": true,
        "total": false,
        "values": true
      },
      "lines": true,
      "linewidth": 1,
      "links": [],
      "nullPointMode": "null",
      "options": {
        "dataLinks": []
      },
      "percentage": false,
      "pointradius": 5,
      "points": false,
      "renderer": "flot",
      "seriesOverrides": [],
      "spaceLength": 10,
      "stack": false,
      "steppedLine": false,
      "targets": [
        {
          "expr": "process_files_open_files{namespace=~\"$namespace\",app=~\"$application\", kubernetes_pod_name=~\"$podname\"}",
          "format": "time_series",
          "hide": false,
          "intervalFactor": 2,
          "legendFormat": "open",
          "metric": "",
          "refId": "A",
          "step": 2400
        },
        {
          "expr": "process_files_max_files{namespace=~\"$namespace\",app=~\"$application\", kubernetes_pod_name=~\"$podname\"}",
          "format": "time_series",
          "hide": false,
          "intervalFactor": 2,
          "legendFormat": "max",
          "metric": "",
          "refId": "B",
          "step": 2400
        }
      ],
      "thresholds": [],
      "timeFrom": null,
      "timeRegions": [],
      "timeShift": null,
      "title": "File Descriptors",
      "tooltip": {
        "msResolution": false,
        "shared": true,
        "sort": 0,
        "value_type": "cumulative"
      },
      "type": "graph",
      "x-axis": true,
      "xaxis": {
        "buckets": null,
        "mode": "time",
        "name": null,
        "show": true,
        "values": []
      },
      "y-axis": true,
      "y_formats": [
        "short",
        "short"
      ],
      "yaxes": [
        {
          "decimals": 0,
          "format": "short",
          "label": null,
          "logBase": 10,
          "max": null,
          "min": 0,
          "show": true
        },
        {
          "format": "short",
          "label": null,
          "logBase": 1,
          "max": null,
          "min": null,
          "show": true
        }
      ],
      "yaxis": {
        "align": false,
        "alignLevel": null
      }
    },
    {
      "collapsed": false,
      "datasource": "${DS_DEV}",
      "gridPos": {
        "h": 1,
        "w": 24,
        "x": 0,
        "y": 35
      },
      "id": 129,
      "panels": [],
      "repeat": "persistence_counts",
      "title": "JVM Memory Pools (Heap)",
      "type": "row"
    },
    {
      "aliasColors": {},
      "bars": false,
      "dashLength": 10,
      "dashes": false,
      "datasource": "${DS_DEV}",
      "editable": true,
      "error": false,
      "fill": 1,
      "fillGradient": 0,
      "grid": {
        "leftLogBase": 1,
        "leftMax": null,
        "leftMin": null,
        "rightLogBase": 1,
        "rightMax": null,
        "rightMin": null
      },
      "gridPos": {
        "h": 7,
        "w": 8,
        "x": 0,
        "y": 36
      },
      "hiddenSeries": false,
      "id": 3,
      "legend": {
        "alignAsTable": false,
        "avg": false,
        "current": true,
        "max": true,
        "min": false,
        "rightSide": false,
        "show": true,
        "total": false,
        "values": true
      },
      "lines": true,
      "linewidth": 1,
      "links": [],
      "maxPerRow": 3,
      "nullPointMode": "null",
      "options": {
        "dataLinks": []
      },
      "percentage": false,
      "pointradius": 5,
      "points": false,
      "renderer": "flot",
      "repeat": "jvm_memory_pool_heap",
      "seriesOverrides": [],
      "spaceLength": 10,
      "stack": false,
      "steppedLine": false,
      "targets": [
        {
          "expr": "jvm_memory_used_bytes{namespace=~\"$namespace\",app=~\"$application\", kubernetes_pod_name=~\"$podname\"}",
          "format": "time_series",
          "hide": false,
          "interval": "",
          "intervalFactor": 2,
          "legendFormat": "used",
          "metric": "",
          "refId": "A",
          "step": 1800
        },
        {
          "expr": "jvm_memory_committed_bytes{namespace=~\"$namespace\",app=~\"$application\", kubernetes_pod_name=~\"$podname\"}",
          "format": "time_series",
          "hide": false,
          "interval": "",
          "intervalFactor": 2,
          "legendFormat": "commited",
          "metric": "",
          "refId": "B",
          "step": 1800
        },
        {
          "expr": "jvm_memory_max_bytes{namespace=~\"$namespace\",app=~\"$application\", kubernetes_pod_name=~\"$podname\"}",
          "format": "time_series",
          "hide": false,
          "interval": "",
          "intervalFactor": 2,
          "legendFormat": "max",
          "metric": "",
          "refId": "C",
          "step": 1800
        }
      ],
      "thresholds": [],
      "timeFrom": null,
      "timeRegions": [],
      "timeShift": null,
      "title": "$jvm_memory_pool_heap",
      "tooltip": {
        "msResolution": false,
        "shared": true,
        "sort": 0,
        "value_type": "cumulative"
      },
      "type": "graph",
      "x-axis": true,
      "xaxis": {
        "buckets": null,
        "mode": "time",
        "name": null,
        "show": true,
        "values": []
      },
      "y-axis": true,
      "y_formats": [
        "mbytes",
        "short"
      ],
      "yaxes": [
        {
          "format": "bytes",
          "label": null,
          "logBase": 1,
          "max": null,
          "min": 0,
          "show": true
        },
        {
          "format": "short",
          "label": null,
          "logBase": 1,
          "max": null,
          "min": null,
          "show": true
        }
      ],
      "yaxis": {
        "align": false,
        "alignLevel": null
      }
    },
    {
      "collapsed": false,
      "datasource": "${DS_DEV}",
      "gridPos": {
        "h": 1,
        "w": 24,
        "x": 0,
        "y": 43
      },
      "id": 130,
      "panels": [],
      "repeat": null,
      "title": "JVM Memory Pools (Non-Heap)",
      "type": "row"
    },
    {
      "aliasColors": {},
      "bars": false,
      "dashLength": 10,
      "dashes": false,
      "datasource": "${DS_DEV}",
      "editable": true,
      "error": false,
      "fill": 1,
      "fillGradient": 0,
      "grid": {
        "leftLogBase": 1,
        "leftMax": null,
        "leftMin": null,
        "rightLogBase": 1,
        "rightMax": null,
        "rightMin": null
      },
      "gridPos": {
        "h": 7,
        "w": 8,
        "x": 0,
        "y": 44
      },
      "hiddenSeries": false,
      "id": 78,
      "legend": {
        "alignAsTable": false,
        "avg": false,
        "current": true,
        "max": true,
        "min": false,
        "rightSide": false,
        "show": true,
        "total": false,
        "values": true
      },
      "lines": true,
      "linewidth": 1,
      "links": [],
      "maxPerRow": 3,
      "nullPointMode": "null",
      "options": {
        "dataLinks": []
      },
      "percentage": false,
      "pointradius": 5,
      "points": false,
      "renderer": "flot",
      "repeat": "jvm_memory_pool_nonheap",
      "seriesOverrides": [],
      "spaceLength": 10,
      "stack": false,
      "steppedLine": false,
      "targets": [
        {
          "expr": "jvm_memory_used_bytes{namespace=~\"$namespace\",app=~\"$application\", kubernetes_pod_name=~\"$podname\"}",
          "format": "time_series",
          "hide": false,
          "interval": "",
          "intervalFactor": 2,
          "legendFormat": "used",
          "metric": "",
          "refId": "A",
          "step": 1800
        },
        {
          "expr": "jvm_memory_committed_bytes{namespace=~\"$namespace\",app=~\"$application\", kubernetes_pod_name=~\"$podname\"}",
          "format": "time_series",
          "hide": false,
          "interval": "",
          "intervalFactor": 2,
          "legendFormat": "commited",
          "metric": "",
          "refId": "B",
          "step": 1800
        },
        {
          "expr": "jvm_memory_max_bytes{namespace=~\"$namespace\",app=~\"$application\", kubernetes_pod_name=~\"$podname\"}",
          "format": "time_series",
          "hide": false,
          "interval": "",
          "intervalFactor": 2,
          "legendFormat": "max",
          "metric": "",
          "refId": "C",
          "step": 1800
        }
      ],
      "thresholds": [],
      "timeFrom": null,
      "timeRegions": [],
      "timeShift": null,
      "title": "$jvm_memory_pool_nonheap",
      "tooltip": {
        "msResolution": false,
        "shared": true,
        "sort": 0,
        "value_type": "cumulative"
      },
      "type": "graph",
      "x-axis": true,
      "xaxis": {
        "buckets": null,
        "mode": "time",
        "name": null,
        "show": true,
        "values": []
      },
      "y-axis": true,
      "y_formats": [
        "mbytes",
        "short"
      ],
      "yaxes": [
        {
          "format": "bytes",
          "label": null,
          "logBase": 1,
          "max": null,
          "min": 0,
          "show": true
        },
        {
          "format": "short",
          "label": null,
          "logBase": 1,
          "max": null,
          "min": null,
          "show": true
        }
      ],
      "yaxis": {
        "align": false,
        "alignLevel": null
      }
    },
    {
      "collapsed": false,
      "datasource": "${DS_DEV}",
      "gridPos": {
        "h": 1,
        "w": 24,
        "x": 0,
        "y": 51
      },
      "id": 131,
      "panels": [],
      "repeat": null,
      "title": "Garbage Collection",
      "type": "row"
    },
    {
      "aliasColors": {},
      "bars": false,
      "dashLength": 10,
      "dashes": false,
      "datasource": "${DS_DEV}",
      "fill": 1,
      "fillGradient": 0,
      "gridPos": {
        "h": 7,
        "w": 8,
        "x": 0,
        "y": 52
      },
      "hiddenSeries": false,
      "id": 98,
      "legend": {
        "avg": false,
        "current": false,
        "max": false,
        "min": false,
        "show": true,
        "total": false,
        "values": false
      },
      "lines": true,
      "linewidth": 1,
      "links": [],
      "nullPointMode": "null",
      "options": {
        "dataLinks": []
      },
      "percentage": false,
      "pointradius": 5,
      "points": false,
      "renderer": "flot",
      "seriesOverrides": [],
      "spaceLength": 10,
      "stack": false,
      "steppedLine": false,
      "targets": [
        {
          "expr": "rate(jvm_gc_pause_seconds_count{namespace=~\"$namespace\",app=~\"$application\", kubernetes_pod_name=~\"$podname\"}[5m])",
          "format": "time_series",
          "hide": false,
          "intervalFactor": 1,
          "legendFormat": "{{action}} ({{cause}})",
          "refId": "A"
        }
      ],
      "thresholds": [],
      "timeFrom": null,
      "timeRegions": [],
      "timeShift": null,
      "title": "Collections",
      "tooltip": {
        "shared": true,
        "sort": 0,
        "value_type": "individual"
      },
      "type": "graph",
      "xaxis": {
        "buckets": null,
        "mode": "time",
        "name": null,
        "show": true,
        "values": []
      },
      "yaxes": [
        {
          "format": "ops",
          "label": null,
          "logBase": 1,
          "max": null,
          "min": "0",
          "show": true
        },
        {
          "format": "short",
          "label": "",
          "logBase": 1,
          "max": null,
          "min": null,
          "show": true
        }
      ],
      "yaxis": {
        "align": false,
        "alignLevel": null
      }
    },
    {
      "aliasColors": {},
      "bars": false,
      "dashLength": 10,
      "dashes": false,
      "datasource": "${DS_DEV}",
      "fill": 1,
      "fillGradient": 0,
      "gridPos": {
        "h": 7,
        "w": 8,
        "x": 8,
        "y": 52
      },
      "hiddenSeries": false,
      "id": 101,
      "legend": {
        "avg": false,
        "current": false,
        "max": false,
        "min": false,
        "show": true,
        "total": false,
        "values": false
      },
      "lines": true,
      "linewidth": 1,
      "links": [],
      "nullPointMode": "null",
      "options": {
        "dataLinks": []
      },
      "percentage": false,
      "pointradius": 5,
      "points": false,
      "renderer": "flot",
      "seriesOverrides": [],
      "spaceLength": 10,
      "stack": false,
      "steppedLine": false,
      "targets": [
        {
          "expr": "rate(jvm_gc_pause_seconds_sum{namespace=~\"$namespace\",app=~\"$application\", kubernetes_pod_name=~\"$podname\"}[1m])/rate(jvm_gc_pause_seconds_count{namespace=~\"$namespace\",app=~\"$application\", kubernetes_pod_name=~\"$podname\"}[1m])",
          "format": "time_series",
          "hide": false,
          "instant": false,
          "intervalFactor": 1,
          "legendFormat": "avg {{action}} ({{cause}})",
          "refId": "A"
        },
        {
          "expr": "jvm_gc_pause_seconds_max{namespace=~\"$namespace\",app=~\"$application\", kubernetes_pod_name=~\"$podname\"}",
          "format": "time_series",
          "hide": false,
          "instant": false,
          "intervalFactor": 1,
          "legendFormat": "max {{action}} ({{cause}})",
          "refId": "B"
        }
      ],
      "thresholds": [],
      "timeFrom": null,
      "timeRegions": [],
      "timeShift": null,
      "title": "Pause Durations",
      "tooltip": {
        "shared": true,
        "sort": 0,
        "value_type": "individual"
      },
      "type": "graph",
      "xaxis": {
        "buckets": null,
        "mode": "time",
        "name": null,
        "show": true,
        "values": []
      },
      "yaxes": [
        {
          "format": "s",
          "label": null,
          "logBase": 1,
          "max": null,
          "min": "0",
          "show": true
        },
        {
          "format": "short",
          "label": "",
          "logBase": 1,
          "max": null,
          "min": null,
          "show": true
        }
      ],
      "yaxis": {
        "align": false,
        "alignLevel": null
      }
    },
    {
      "aliasColors": {},
      "bars": false,
      "dashLength": 10,
      "dashes": false,
      "datasource": "${DS_DEV}",
      "fill": 1,
      "fillGradient": 0,
      "gridPos": {
        "h": 7,
        "w": 8,
        "x": 16,
        "y": 52
      },
      "hiddenSeries": false,
      "id": 99,
      "legend": {
        "avg": false,
        "current": false,
        "max": false,
        "min": false,
        "show": true,
        "total": false,
        "values": false
      },
      "lines": true,
      "linewidth": 1,
      "links": [],
      "nullPointMode": "null",
      "options": {
        "dataLinks": []
      },
      "percentage": false,
      "pointradius": 5,
      "points": false,
      "renderer": "flot",
      "seriesOverrides": [],
      "spaceLength": 10,
      "stack": false,
      "steppedLine": false,
      "targets": [
        {
          "expr": "rate(jvm_gc_memory_allocated_bytes_total{namespace=~\"$namespace\",app=~\"$application\", kubernetes_pod_name=~\"$podname\"}[1m])",
          "format": "time_series",
          "interval": "",
          "intervalFactor": 1,
          "legendFormat": "allocated",
          "refId": "A"
        },
        {
          "expr": "rate(jvm_gc_memory_promoted_bytes_total{namespace=~\"$namespace\",app=~\"$application\", kubernetes_pod_name=~\"$podname\"}[1m])",
          "format": "time_series",
          "interval": "",
          "intervalFactor": 1,
          "legendFormat": "promoted",
          "refId": "B"
        }
      ],
      "thresholds": [],
      "timeFrom": null,
      "timeRegions": [],
      "timeShift": null,
      "title": "Allocated/Promoted",
      "tooltip": {
        "shared": true,
        "sort": 0,
        "value_type": "individual"
      },
      "type": "graph",
      "xaxis": {
        "buckets": null,
        "mode": "time",
        "name": null,
        "show": true,
        "values": []
      },
      "yaxes": [
        {
          "format": "Bps",
          "label": null,
          "logBase": 1,
          "max": null,
          "min": "0",
          "show": true
        },
        {
          "format": "short",
          "label": null,
          "logBase": 1,
          "max": null,
          "min": null,
          "show": true
        }
      ],
      "yaxis": {
        "align": false,
        "alignLevel": null
      }
    },
    {
      "collapsed": false,
      "datasource": "${DS_DEV}",
      "gridPos": {
        "h": 1,
        "w": 24,
        "x": 0,
        "y": 59
      },
      "id": 132,
      "panels": [],
      "repeat": null,
      "title": "Classloading",
      "type": "row"
    },
    {
      "aliasColors": {},
      "bars": false,
      "dashLength": 10,
      "dashes": false,
      "datasource": "${DS_DEV}",
      "editable": true,
      "error": false,
      "fill": 1,
      "fillGradient": 0,
      "grid": {
        "leftLogBase": 1,
        "leftMax": null,
        "leftMin": null,
        "rightLogBase": 1,
        "rightMax": null,
        "rightMin": null
      },
      "gridPos": {
        "h": 7,
        "w": 12,
        "x": 0,
        "y": 60
      },
      "hiddenSeries": false,
      "id": 37,
      "legend": {
        "avg": false,
        "current": false,
        "max": false,
        "min": false,
        "show": true,
        "total": false,
        "values": false
      },
      "lines": true,
      "linewidth": 1,
      "links": [],
      "nullPointMode": "null",
      "options": {
        "dataLinks": []
      },
      "percentage": false,
      "pointradius": 5,
      "points": false,
      "renderer": "flot",
      "seriesOverrides": [],
      "spaceLength": 10,
      "stack": false,
      "steppedLine": false,
      "targets": [
        {
          "expr": "jvm_classes_loaded_classes{namespace=~\"$namespace\",app=~\"$application\", kubernetes_pod_name=~\"$podname\"}",
          "format": "time_series",
          "intervalFactor": 2,
          "legendFormat": "loaded",
          "metric": "",
          "refId": "A",
          "step": 1200
        }
      ],
      "thresholds": [],
      "timeFrom": null,
      "timeRegions": [],
      "timeShift": null,
      "title": "Classes loaded",
      "tooltip": {
        "msResolution": false,
        "shared": true,
        "sort": 0,
        "value_type": "cumulative"
      },
      "type": "graph",
      "x-axis": true,
      "xaxis": {
        "buckets": null,
        "mode": "time",
        "name": null,
        "show": true,
        "values": []
      },
      "y-axis": true,
      "y_formats": [
        "short",
        "short"
      ],
      "yaxes": [
        {
          "format": "short",
          "label": null,
          "logBase": 1,
          "max": null,
          "min": 0,
          "show": true
        },
        {
          "format": "short",
          "label": null,
          "logBase": 1,
          "max": null,
          "min": null,
          "show": true
        }
      ],
      "yaxis": {
        "align": false,
        "alignLevel": null
      }
    },
    {
      "aliasColors": {},
      "bars": false,
      "dashLength": 10,
      "dashes": false,
      "datasource": "${DS_DEV}",
      "editable": true,
      "error": false,
      "fill": 1,
      "fillGradient": 0,
      "grid": {
        "leftLogBase": 1,
        "leftMax": null,
        "leftMin": null,
        "rightLogBase": 1,
        "rightMax": null,
        "rightMin": null
      },
      "gridPos": {
        "h": 7,
        "w": 12,
        "x": 12,
        "y": 60
      },
      "hiddenSeries": false,
      "id": 38,
      "legend": {
        "avg": false,
        "current": false,
        "max": false,
        "min": false,
        "show": true,
        "total": false,
        "values": false
      },
      "lines": true,
      "linewidth": 1,
      "links": [],
      "nullPointMode": "null",
      "options": {
        "dataLinks": []
      },
      "percentage": false,
      "pointradius": 5,
      "points": false,
      "renderer": "flot",
      "seriesOverrides": [],
      "spaceLength": 10,
      "stack": false,
      "steppedLine": false,
      "targets": [
        {
          "expr": "delta(jvm_classes_loaded_classes{namespace=~\"$namespace\",app=~\"$application\", kubernetes_pod_name=~\"$podname\"}[5m])",
          "format": "time_series",
          "hide": false,
          "interval": "",
          "intervalFactor": 1,
          "legendFormat": "delta-1m",
          "metric": "",
          "refId": "A",
          "step": 1200
        }
      ],
      "thresholds": [],
      "timeFrom": null,
      "timeRegions": [],
      "timeShift": null,
      "title": "Class delta",
      "tooltip": {
        "msResolution": false,
        "shared": true,
        "sort": 0,
        "value_type": "cumulative"
      },
      "type": "graph",
      "x-axis": true,
      "xaxis": {
        "buckets": null,
        "mode": "time",
        "name": null,
        "show": true,
        "values": []
      },
      "y-axis": true,
      "y_formats": [
        "ops",
        "short"
      ],
      "yaxes": [
        {
          "decimals": null,
          "format": "short",
          "label": "",
          "logBase": 1,
          "max": null,
          "min": null,
          "show": true
        },
        {
          "format": "short",
          "label": null,
          "logBase": 1,
          "max": null,
          "min": null,
          "show": true
        }
      ],
      "yaxis": {
        "align": false,
        "alignLevel": null
      }
    },
    {
      "collapsed": false,
      "datasource": "${DS_DEV}",
      "gridPos": {
        "h": 1,
        "w": 24,
        "x": 0,
        "y": 67
      },
      "id": 133,
      "panels": [],
      "repeat": null,
      "title": "Buffer Pools",
      "type": "row"
    },
    {
      "aliasColors": {},
      "bars": false,
      "dashLength": 10,
      "dashes": false,
      "datasource": "${DS_DEV}",
      "editable": true,
      "error": false,
      "fill": 1,
      "fillGradient": 0,
      "grid": {
        "leftLogBase": 1,
        "leftMax": null,
        "leftMin": null,
        "rightLogBase": 1,
        "rightMax": null,
        "rightMin": null
      },
      "gridPos": {
        "h": 7,
        "w": 6,
        "x": 0,
        "y": 68
      },
      "hiddenSeries": false,
      "id": 33,
      "legend": {
        "avg": false,
        "current": false,
        "max": false,
        "min": false,
        "show": true,
        "total": false,
        "values": false
      },
      "lines": true,
      "linewidth": 1,
      "links": [],
      "nullPointMode": "null",
      "options": {
        "dataLinks": []
      },
      "percentage": false,
      "pointradius": 5,
      "points": false,
      "renderer": "flot",
      "seriesOverrides": [],
      "spaceLength": 10,
      "stack": false,
      "steppedLine": false,
      "targets": [
        {
          "expr": "jvm_buffer_memory_used_bytes{namespace=~\"$namespace\",app=~\"$application\", kubernetes_pod_name=~\"$podname\", id=\"direct\"}",
          "format": "time_series",
          "intervalFactor": 2,
          "legendFormat": "used",
          "metric": "",
          "refId": "A",
          "step": 2400
        },
        {
          "expr": "jvm_buffer_total_capacity_bytes{namespace=~\"$namespace\",app=~\"$application\", kubernetes_pod_name=~\"$podname\", id=\"direct\"}",
          "format": "time_series",
          "intervalFactor": 2,
          "legendFormat": "capacity",
          "metric": "",
          "refId": "B",
          "step": 2400
        }
      ],
      "thresholds": [],
      "timeFrom": null,
      "timeRegions": [],
      "timeShift": null,
      "title": "Direct Buffers",
      "tooltip": {
        "msResolution": false,
        "shared": true,
        "sort": 0,
        "value_type": "cumulative"
      },
      "type": "graph",
      "x-axis": true,
      "xaxis": {
        "buckets": null,
        "mode": "time",
        "name": null,
        "show": true,
        "values": []
      },
      "y-axis": true,
      "y_formats": [
        "short",
        "short"
      ],
      "yaxes": [
        {
          "format": "bytes",
          "label": null,
          "logBase": 1,
          "max": null,
          "min": 0,
          "show": true
        },
        {
          "format": "short",
          "label": null,
          "logBase": 1,
          "max": null,
          "min": null,
          "show": true
        }
      ],
      "yaxis": {
        "align": false,
        "alignLevel": null
      }
    },
    {
      "aliasColors": {},
      "bars": false,
      "dashLength": 10,
      "dashes": false,
      "datasource": "${DS_DEV}",
      "editable": true,
      "error": false,
      "fill": 1,
      "fillGradient": 0,
      "grid": {
        "leftLogBase": 1,
        "leftMax": null,
        "leftMin": null,
        "rightLogBase": 1,
        "rightMax": null,
        "rightMin": null
      },
      "gridPos": {
        "h": 7,
        "w": 6,
        "x": 6,
        "y": 68
      },
      "hiddenSeries": false,
      "id": 83,
      "legend": {
        "avg": false,
        "current": false,
        "max": false,
        "min": false,
        "show": true,
        "total": false,
        "values": false
      },
      "lines": true,
      "linewidth": 1,
      "links": [],
      "nullPointMode": "null",
      "options": {
        "dataLinks": []
      },
      "percentage": false,
      "pointradius": 5,
      "points": false,
      "renderer": "flot",
      "seriesOverrides": [],
      "spaceLength": 10,
      "stack": false,
      "steppedLine": false,
      "targets": [
        {
          "expr": "jvm_buffer_count_buffers{namespace=~\"$namespace\",app=~\"$application\", kubernetes_pod_name=~\"$podname\", id=\"direct\"}",
          "format": "time_series",
          "intervalFactor": 2,
          "legendFormat": "count",
          "metric": "",
          "refId": "A",
          "step": 2400
        }
      ],
      "thresholds": [],
      "timeFrom": null,
      "timeRegions": [],
      "timeShift": null,
      "title": "Direct Buffers",
      "tooltip": {
        "msResolution": false,
        "shared": true,
        "sort": 0,
        "value_type": "cumulative"
      },
      "type": "graph",
      "x-axis": true,
      "xaxis": {
        "buckets": null,
        "mode": "time",
        "name": null,
        "show": true,
        "values": []
      },
      "y-axis": true,
      "y_formats": [
        "short",
        "short"
      ],
      "yaxes": [
        {
          "decimals": 0,
          "format": "short",
          "label": null,
          "logBase": 1,
          "max": null,
          "min": 0,
          "show": true
        },
        {
          "format": "short",
          "label": null,
          "logBase": 1,
          "max": null,
          "min": null,
          "show": true
        }
      ],
      "yaxis": {
        "align": false,
        "alignLevel": null
      }
    },
    {
      "aliasColors": {},
      "bars": false,
      "dashLength": 10,
      "dashes": false,
      "datasource": "${DS_DEV}",
      "editable": true,
      "error": false,
      "fill": 1,
      "fillGradient": 0,
      "grid": {
        "leftLogBase": 1,
        "leftMax": null,
        "leftMin": null,
        "rightLogBase": 1,
        "rightMax": null,
        "rightMin": null
      },
      "gridPos": {
        "h": 7,
        "w": 6,
        "x": 12,
        "y": 68
      },
      "hiddenSeries": false,
      "id": 85,
      "legend": {
        "avg": false,
        "current": false,
        "max": false,
        "min": false,
        "show": true,
        "total": false,
        "values": false
      },
      "lines": true,
      "linewidth": 1,
      "links": [],
      "nullPointMode": "null",
      "options": {
        "dataLinks": []
      },
      "percentage": false,
      "pointradius": 5,
      "points": false,
      "renderer": "flot",
      "seriesOverrides": [],
      "spaceLength": 10,
      "stack": false,
      "steppedLine": false,
      "targets": [
        {
          "expr": "jvm_buffer_memory_used_bytes{namespace=~\"$namespace\",app=~\"$application\", kubernetes_pod_name=~\"$podname\", id=\"mapped\"}",
          "format": "time_series",
          "intervalFactor": 2,
          "legendFormat": "used",
          "metric": "",
          "refId": "A",
          "step": 2400
        },
        {
          "expr": "jvm_buffer_total_capacity_bytes{namespace=~\"$namespace\",app=~\"$application\", kubernetes_pod_name=~\"$podname\", id=\"mapped\"}",
          "format": "time_series",
          "intervalFactor": 2,
          "legendFormat": "capacity",
          "metric": "",
          "refId": "B",
          "step": 2400
        }
      ],
      "thresholds": [],
      "timeFrom": null,
      "timeRegions": [],
      "timeShift": null,
      "title": "Mapped Buffers",
      "tooltip": {
        "msResolution": false,
        "shared": true,
        "sort": 0,
        "value_type": "cumulative"
      },
      "type": "graph",
      "x-axis": true,
      "xaxis": {
        "buckets": null,
        "mode": "time",
        "name": null,
        "show": true,
        "values": []
      },
      "y-axis": true,
      "y_formats": [
        "short",
        "short"
      ],
      "yaxes": [
        {
          "format": "bytes",
          "label": null,
          "logBase": 1,
          "max": null,
          "min": 0,
          "show": true
        },
        {
          "format": "short",
          "label": null,
          "logBase": 1,
          "max": null,
          "min": null,
          "show": true
        }
      ],
      "yaxis": {
        "align": false,
        "alignLevel": null
      }
    },
    {
      "aliasColors": {},
      "bars": false,
      "dashLength": 10,
      "dashes": false,
      "datasource": "${DS_DEV}",
      "editable": true,
      "error": false,
      "fill": 1,
      "fillGradient": 0,
      "grid": {
        "leftLogBase": 1,
        "leftMax": null,
        "leftMin": null,
        "rightLogBase": 1,
        "rightMax": null,
        "rightMin": null
      },
      "gridPos": {
        "h": 7,
        "w": 6,
        "x": 18,
        "y": 68
      },
      "hiddenSeries": false,
      "id": 84,
      "legend": {
        "avg": false,
        "current": false,
        "max": false,
        "min": false,
        "show": true,
        "total": false,
        "values": false
      },
      "lines": true,
      "linewidth": 1,
      "links": [],
      "nullPointMode": "null",
      "options": {
        "dataLinks": []
      },
      "percentage": false,
      "pointradius": 5,
      "points": false,
      "renderer": "flot",
      "seriesOverrides": [],
      "spaceLength": 10,
      "stack": false,
      "steppedLine": false,
      "targets": [
        {
          "expr": "jvm_buffer_count_buffers{namespace=~\"$namespace\",app=~\"$application\", kubernetes_pod_name=~\"$podname\", id=\"mapped\"}",
          "format": "time_series",
          "intervalFactor": 2,
          "legendFormat": "count",
          "metric": "",
          "refId": "A",
          "step": 2400
        }
      ],
      "thresholds": [],
      "timeFrom": null,
      "timeRegions": [],
      "timeShift": null,
      "title": "Mapped Buffers",
      "tooltip": {
        "msResolution": false,
        "shared": true,
        "sort": 0,
        "value_type": "cumulative"
      },
      "type": "graph",
      "x-axis": true,
      "xaxis": {
        "buckets": null,
        "mode": "time",
        "name": null,
        "show": true,
        "values": []
      },
      "y-axis": true,
      "y_formats": [
        "short",
        "short"
      ],
      "yaxes": [
        {
          "decimals": 0,
          "format": "short",
          "label": null,
          "logBase": 1,
          "max": null,
          "min": 0,
          "show": true
        },
        {
          "format": "short",
          "label": null,
          "logBase": 1,
          "max": null,
          "min": null,
          "show": true
        }
      ],
      "yaxis": {
        "align": false,
        "alignLevel": null
      }
    }
  ],
  "refresh": "30s",
  "schemaVersion": 22,
  "style": "dark",
  "tags": [],
  "templating": {
    "list": [
      {
        "current": {
          "text": "dev",
          "value": "dev"
        },
        "hide": 0,
        "includeAll": false,
        "label": "Datasource",
        "multi": false,
        "name": "datasource",
        "options": [],
        "query": "prometheus",
        "refresh": 1,
        "regex": "",
        "skipUrlSync": false,
        "type": "datasource"
      },
      {
        "allValue": "",
        "current": {},
        "datasource": "$datasource",
        "definition": "label_values(namespace)",
        "hide": 0,
        "includeAll": true,
        "label": "Namespace",
        "multi": false,
        "name": "namespace",
        "options": [],
        "query": "label_values(namespace)",
        "refresh": 1,
        "regex": "",
        "skipUrlSync": false,
        "sort": 0,
        "tagValuesQuery": "",
        "tags": [],
        "tagsQuery": "",
        "type": "query",
        "useTags": false
      },
      {
        "allValue": ".*",
        "current": {},
        "datasource": "$datasource",
        "definition": "label_values(jvm_memory_used_bytes {namespace=~\"$namespace\"},app)",
        "hide": 0,
        "includeAll": true,
        "label": "Application",
        "multi": false,
        "name": "application",
        "options": [],
        "query": "label_values(jvm_memory_used_bytes {namespace=~\"$namespace\"},app)",
        "refresh": 2,
        "regex": "",
        "skipUrlSync": false,
        "sort": 0,
        "tagValuesQuery": "",
        "tags": [],
        "tagsQuery": "",
        "type": "query",
        "useTags": false
      },
      {
        "allFormat": "glob",
        "allValue": ".*",
        "current": {},
        "datasource": "$datasource",
        "definition": "label_values({namespace=~\"$namespace\",app=~\"$application\"},kubernetes_pod_name)",
        "hide": 0,
        "includeAll": true,
        "label": "Podname",
        "multi": false,
        "multiFormat": "glob",
        "name": "podname",
        "options": [],
        "query": "label_values({namespace=~\"$namespace\",app=~\"$application\"},kubernetes_pod_name)",
        "refresh": 1,
        "regex": "",
        "skipUrlSync": false,
        "sort": 0,
        "tagValuesQuery": "",
        "tags": [],
        "tagsQuery": "",
        "type": "query",
        "useTags": false
      }
    ]
  },
  "time": {
    "from": "now-30m",
    "to": "now"
  },
  "timepicker": {
    "now": true,
    "refresh_intervals": [
      "5s",
      "10s",
      "30s",
      "1m",
      "5m",
      "15m",
      "30m",
      "1h",
      "2h",
      "1d"
    ],
    "time_options": [
      "5m",
      "15m",
      "1h",
      "6h",
      "12h",
      "24h",
      "2d",
      "7d",
      "30d"
    ]
  },
  "timezone": "browser",
  "title": "JVM",
  "uid": "oS9VJB_Wz11",
  "version": 2
}