{
  "__inputs": [
    {
      "name": "DS_PROMETHEUS",
      "label": "Prometheus",
      "description": "",
      "type": "datasource",
      "pluginId": "prometheus",
      "pluginName": "Prometheus"
    }
  ],
  "__requires": [
    {
      "type": "grafana",
      "id": "grafana",
      "name": "Grafana",
      "version": "5.1.3"
    },
    {
      "type": "panel",
      "id": "graph",
      "name": "Graph",
      "version": "5.0.0"
    },
    {
      "type": "datasource",
      "id": "prometheus",
      "name": "Prometheus",
      "version": "5.0.0"
    },
    {
      "type": "panel",
      "id": "singlestat",
      "name": "Singlestat",
      "version": "5.0.0"
    }
  ],
  "annotations": {
    "list": [
      {
        "builtIn": 1,
        "datasource": "-- Grafana --",
        "enable": true,
        "hide": true,
        "iconColor": "rgba(0, 211, 255, 1)",
        "name": "Annotations & Alerts",
        "type": "dashboard"
      }
    ]
  },
  "description": "Complete dashboard using metrics from prometheus JMX exporter, with drill down per release > pod",
  "editable": true,
  "gnetId": 7727,
  "graphTooltip": 0,
  "id": null,
  "iteration": 1535607124056,
  "links": [],
  "panels": [
    {
      "cacheTimeout": null,
      "colorBackground": false,
      "colorValue": true,
      "colors": [
        "#299c46",
        "rgba(237, 129, 40, 0.89)",
        "#d44a3a"
      ],
      "datasource": "${DS_PROMETHEUS}",
      "format": "percent",
      "gauge": {
        "maxValue": 100,
        "minValue": 0,
        "show": false,
        "thresholdLabels": false,
        "thresholdMarkers": true
      },
      "gridPos": {
        "h": 4,
        "w": 6,
        "x": 0,
        "y": 0
      },
      "id": 13,
      "interval": null,
      "links": [],
      "mappingType": 1,
      "mappingTypes": [
        {
          "name": "value to text",
          "value": 1
        },
        {
          "name": "range to text",
          "value": 2
        }
      ],
      "maxDataPoints": 100,
      "nullPointMode": "connected",
      "nullText": null,
      "postfix": "",
      "postfixFontSize": "50%",
      "prefix": "",
      "prefixFontSize": "50%",
      "rangeMaps": [
        {
          "from": "null",
          "text": "N/A",
          "to": "null"
        }
      ],
      "sparkline": {
        "fillColor": "rgba(31, 118, 189, 0.18)",
        "full": true,
        "lineColor": "rgb(31, 120, 193)",
        "show": true
      },
      "tableColumn": "",
      "targets": [
        {
          "expr": "(sum(jvm_memory_bytes_used{area=\"heap\",release=\"$release\"})*100) / sum(jvm_memory_bytes_max{area=\"heap\",release=\"$release\"})",
          "format": "time_series",
          "intervalFactor": 1,
          "refId": "A"
        }
      ],
      "thresholds": "50,75",
      "title": "Heap used",
      "type": "singlestat",
      "valueFontSize": "80%",
      "valueMaps": [
        {
          "op": "=",
          "text": "N/A",
          "value": "null"
        }
      ],
      "valueName": "avg"
    },
    {
      "cacheTimeout": null,
      "colorBackground": false,
      "colorValue": false,
      "colors": [
        "#299c46",
        "rgba(237, 129, 40, 0.89)",
        "#d44a3a"
      ],
      "datasource": "${DS_PROMETHEUS}",
      "decimals": null,
      "format": "dateTimeAsUS",
      "gauge": {
        "maxValue": 100,
        "minValue": 0,
        "show": false,
        "thresholdLabels": false,
        "thresholdMarkers": true
      },
      "gridPos": {
        "h": 4,
        "w": 6,
        "x": 6,
        "y": 0
      },
      "id": 15,
      "interval": null,
      "links": [],
      "mappingType": 1,
      "mappingTypes": [
        {
          "name": "value to text",
          "value": 1
        },
        {
          "name": "range to text",
          "value": 2
        }
      ],
      "maxDataPoints": 100,
      "nullPointMode": "connected",
      "nullText": null,
      "postfix": "",
      "postfixFontSize": "50%",
      "prefix": "",
      "prefixFontSize": "50%",
      "rangeMaps": [
        {
          "from": "null",
          "text": "N/A",
          "to": "null"
        }
      ],
      "sparkline": {
        "fillColor": "rgba(31, 118, 189, 0.18)",
        "full": true,
        "lineColor": "rgb(31, 120, 193)",
        "show": false
      },
      "tableColumn": "",
      "targets": [
        {
          "expr": "avg(process_start_time_seconds{release=\"$release\"})*1000",
          "format": "time_series",
          "intervalFactor": 1,
          "refId": "A"
        }
      ],
      "thresholds": "35,50",
      "title": "Start time",
      "type": "singlestat",
      "valueFontSize": "80%",
      "valueMaps": [
        {
          "op": "=",
          "text": "N/A",
          "value": "null"
        }
      ],
      "valueName": "current"
    },
    {
      "cacheTimeout": null,
      "colorBackground": false,
      "colorValue": false,
      "colors": [
        "#299c46",
        "rgba(237, 129, 40, 0.89)",
        "#d44a3a"
      ],
      "datasource": "${DS_PROMETHEUS}",
      "decimals": 0,
      "format": "s",
      "gauge": {
        "maxValue": 100,
        "minValue": 0,
        "show": false,
        "thresholdLabels": false,
        "thresholdMarkers": true
      },
      "gridPos": {
        "h": 4,
        "w": 6,
        "x": 12,
        "y": 0
      },
      "id": 14,
      "interval": null,
      "links": [],
      "mappingType": 1,
      "mappingTypes": [
        {
          "name": "value to text",
          "value": 1
        },
        {
          "name": "range to text",
          "value": 2
        }
      ],
      "maxDataPoints": 100,
      "nullPointMode": "connected",
      "nullText": null,
      "postfix": "",
      "postfixFontSize": "50%",
      "prefix": "",
      "prefixFontSize": "50%",
      "rangeMaps": [
        {
          "from": "null",
          "text": "N/A",
          "to": "null"
        }
      ],
      "sparkline": {
        "fillColor": "rgba(31, 118, 189, 0.18)",
        "full": true,
        "lineColor": "rgb(31, 120, 193)",
        "show": false
      },
      "tableColumn": "",
      "targets": [
        {
          "expr": "time() - max(process_start_time_seconds{release=\"$release\"})",
          "format": "time_series",
          "intervalFactor": 1,
          "refId": "A"
        }
      ],
      "thresholds": "35,50",
      "title": "Uptime",
      "type": "singlestat",
      "valueFontSize": "80%",
      "valueMaps": [
        {
          "op": "=",
          "text": "N/A",
          "value": "null"
        }
      ],
      "valueName": "current"
    },
    {
      "cacheTimeout": null,
      "colorBackground": false,
      "colorValue": false,
      "colors": [
        "#299c46",
        "rgba(237, 129, 40, 0.89)",
        "#d44a3a"
      ],
      "datasource": "${DS_PROMETHEUS}",
      "decimals": 0,
      "format": "none",
      "gauge": {
        "maxValue": 100,
        "minValue": 0,
        "show": false,
        "thresholdLabels": false,
        "thresholdMarkers": true
      },
      "gridPos": {
        "h": 4,
        "w": 6,
        "x": 18,
        "y": 0
      },
      "id": 19,
      "interval": null,
      "links": [],
      "mappingType": 1,
      "mappingTypes": [
        {
          "name": "value to text",
          "value": 1
        },
        {
          "name": "range to text",
          "value": 2
        }
      ],
      "maxDataPoints": 100,
      "nullPointMode": "connected",
      "nullText": null,
      "postfix": "",
      "postfixFontSize": "50%",
      "prefix": "",
      "prefixFontSize": "50%",
      "rangeMaps": [
        {
          "from": "null",
          "text": "N/A",
          "to": "null"
        }
      ],
      "sparkline": {
        "fillColor": "rgba(31, 118, 189, 0.18)",
        "full": true,
        "lineColor": "rgb(31, 120, 193)",
        "show": false
      },
      "tableColumn": "version",
      "targets": [
        {
          "expr": "jvm_info{}",
          "format": "table",
          "instant": true,
          "intervalFactor": 1,
          "legendFormat": "",
          "refId": "A"
        }
      ],
      "thresholds": "35,50",
      "title": "JVM Version",
      "type": "singlestat",
      "valueFontSize": "50%",
      "valueMaps": [
        {
          "op": "=",
          "text": "N/A",
          "value": "null"
        }
      ],
      "valueName": "current"
    },
    {
      "aliasColors": {},
      "bars": false,
      "dashLength": 10,
      "dashes": false,
      "datasource": "${DS_PROMETHEUS}",
      "fill": 1,
      "gridPos": {
        "h": 10,
        "w": 12,
        "x": 0,
        "y": 4
      },
      "id": 8,
      "legend": {
        "alignAsTable": true,
        "avg": true,
        "current": true,
        "max": true,
        "min": true,
        "rightSide": false,
        "show": true,
        "sort": "current",
        "sortDesc": true,
        "total": false,
        "values": true
      },
      "lines": true,
      "linewidth": 1,
      "links": [],
      "nullPointMode": "null",
      "percentage": false,
      "pointradius": 5,
      "points": false,
      "renderer": "flot",
      "seriesOverrides": [],
      "spaceLength": 10,
      "stack": false,
      "steppedLine": false,
      "targets": [
        {
          "expr": "jvm_memory_bytes_used{area=\"heap\",release=\"$release\",kubernetes_pod_name=~\"$pod\"}",
          "format": "time_series",
          "intervalFactor": 1,
          "legendFormat": "Used {{kubernetes_pod_name}}",
          "refId": "A"
        },
        {
          "expr": " jvm_memory_bytes_max{area=\"heap\",release=\"$release\",kubernetes_pod_name=~\"$pod\"}",
          "format": "time_series",
          "intervalFactor": 1,
          "legendFormat": "Max {{kubernetes_pod_name}}",
          "refId": "B"
        }
      ],
      "thresholds": [],
      "timeFrom": null,
      "timeShift": null,
      "title": "Heap",
      "tooltip": {
        "shared": true,
        "sort": 0,
        "value_type": "individual"
      },
      "type": "graph",
      "xaxis": {
        "buckets": null,
        "mode": "time",
        "name": null,
        "show": true,
        "values": []
      },
      "yaxes": [
        {
          "format": "bytes",
          "label": null,
          "logBase": 1,
          "max": null,
          "min": null,
          "show": true
        },
        {
          "format": "short",
          "label": null,
          "logBase": 1,
          "max": null,
          "min": null,
          "show": true
        }
      ],
      "yaxis": {
        "align": false,
        "alignLevel": null
      }
    },
    {
      "aliasColors": {},
      "bars": false,
      "dashLength": 10,
      "dashes": false,
      "datasource": "${DS_PROMETHEUS}",
      "fill": 1,
      "gridPos": {
        "h": 10,
        "w": 12,
        "x": 12,
        "y": 4
      },
      "id": 18,
      "legend": {
        "alignAsTable": true,
        "avg": true,
        "current": true,
        "max": true,
        "min": true,
        "rightSide": false,
        "show": true,
        "sort": "current",
        "sortDesc": true,
        "total": false,
        "values": true
      },
      "lines": true,
      "linewidth": 1,
      "links": [],
      "nullPointMode": "null",
      "percentage": false,
      "pointradius": 5,
      "points": false,
      "renderer": "flot",
      "seriesOverrides": [],
      "spaceLength": 10,
      "stack": false,
      "steppedLine": false,
      "targets": [
        {
          "expr": "jvm_memory_bytes_used{area=\"nonheap\",release=\"$release\",kubernetes_pod_name=~\"$pod\"}",
          "format": "time_series",
          "intervalFactor": 1,
          "legendFormat": "Used  {{kubernetes_pod_name}}",
          "refId": "A"
        }
      ],
      "thresholds": [],
      "timeFrom": null,
      "timeShift": null,
      "title": "Non Heap",
      "tooltip": {
        "shared": true,
        "sort": 0,
        "value_type": "individual"
      },
      "type": "graph",
      "xaxis": {
        "buckets": null,
        "mode": "time",
        "name": null,
        "show": true,
        "values": []
      },
      "yaxes": [
        {
          "format": "bytes",
          "label": null,
          "logBase": 1,
          "max": null,
          "min": null,
          "show": true
        },
        {
          "format": "short",
          "label": null,
          "logBase": 1,
          "max": null,
          "min": null,
          "show": true
        }
      ],
      "yaxis": {
        "align": false,
        "alignLevel": null
      }
    },
    {
      "aliasColors": {},
      "bars": false,
      "dashLength": 10,
      "dashes": false,
      "datasource": "${DS_PROMETHEUS}",
      "fill": 1,
      "gridPos": {
        "h": 8,
        "w": 8,
        "x": 0,
        "y": 14
      },
      "id": 2,
      "legend": {
        "alignAsTable": true,
        "avg": true,
        "current": true,
        "max": true,
        "min": true,
        "rightSide": false,
        "show": true,
        "sort": "current",
        "sortDesc": true,
        "total": false,
        "values": true
      },
      "lines": true,
      "linewidth": 1,
      "links": [],
      "nullPointMode": "null",
      "percentage": false,
      "pointradius": 5,
      "points": false,
      "renderer": "flot",
      "repeat": null,
      "seriesOverrides": [],
      "spaceLength": 10,
      "stack": false,
      "steppedLine": false,
      "targets": [
        {
          "expr": "jvm_memory_pool_bytes_max{release=\"$release\", pool=\"PS Eden Space\",kubernetes_pod_name=~\"$pod\"}",
          "format": "time_series",
          "interval": "",
          "intervalFactor": 5,
          "legendFormat": "Max  {{kubernetes_pod_name}}",
          "metric": "jvm_memory_bytes_used",
          "refId": "B",
          "step": 5
        },
        {
          "expr": "jvm_memory_pool_bytes_used{release=\"$release\", pool=\"PS Eden Space\",kubernetes_pod_name=~\"$pod\"}",
          "format": "time_series",
          "interval": "",
          "intervalFactor": 5,
          "legendFormat": "Used  {{kubernetes_pod_name}}",
          "metric": "jvm_memory_bytes_used",
          "refId": "A",
          "step": 5
        },
        {
          "expr": "jvm_memory_pool_bytes_committed{release=\"$release\", pool=\"PS Eden Space\",kubernetes_pod_name=~\"$pod\"}",
          "format": "time_series",
          "interval": "",
          "intervalFactor": 5,
          "legendFormat": "Committed  {{kubernetes_pod_name}}",
          "metric": "jvm_memory_bytes_used",
          "refId": "C",
          "step": 5
        }
      ],
      "thresholds": [],
      "timeFrom": null,
      "timeShift": null,
      "title": "PS Eden Space",
      "tooltip": {
        "shared": true,
        "sort": 0,
        "value_type": "individual"
      },
      "type": "graph",
      "xaxis": {
        "buckets": null,
        "mode": "time",
        "name": null,
        "show": true,
        "values": []
      },
      "yaxes": [
        {
          "format": "bytes",
          "label": null,
          "logBase": 1,
          "max": null,
          "min": null,
          "show": true
        },
        {
          "format": "short",
          "label": null,
          "logBase": 1,
          "max": null,
          "min": null,
          "show": true
        }
      ],
      "yaxis": {
        "align": false,
        "alignLevel": null
      }
    },
    {
      "aliasColors": {},
      "bars": false,
      "dashLength": 10,
      "dashes": false,
      "datasource": "${DS_PROMETHEUS}",
      "fill": 1,
      "gridPos": {
        "h": 8,
        "w": 8,
        "x": 8,
        "y": 14
      },
      "id": 16,
      "legend": {
        "alignAsTable": true,
        "avg": true,
        "current": true,
        "max": true,
        "min": true,
        "rightSide": false,
        "show": true,
        "sort": "current",
        "sortDesc": true,
        "total": false,
        "values": true
      },
      "lines": true,
      "linewidth": 1,
      "links": [],
      "nullPointMode": "null",
      "percentage": false,
      "pointradius": 5,
      "points": false,
      "renderer": "flot",
      "seriesOverrides": [],
      "spaceLength": 10,
      "stack": false,
      "steppedLine": false,
      "targets": [
        {
          "expr": "jvm_memory_pool_bytes_max{release=\"$release\", pool=\"PS Old Gen\",kubernetes_pod_name=~\"$pod\"}",
          "format": "time_series",
          "interval": "",
          "intervalFactor": 5,
          "legendFormat": "Max  {{kubernetes_pod_name}}",
          "metric": "jvm_memory_bytes_used",
          "refId": "B",
          "step": 5
        },
        {
          "expr": "jvm_memory_pool_bytes_used{release=\"$release\", pool=\"PS Old Gen\",kubernetes_pod_name=~\"$pod\"}",
          "format": "time_series",
          "interval": "",
          "intervalFactor": 5,
          "legendFormat": "Used  {{kubernetes_pod_name}}",
          "metric": "jvm_memory_bytes_used",
          "refId": "A",
          "step": 5
        },
        {
          "expr": "jvm_memory_pool_bytes_committed{release=\"$release\", pool=\"PS Old Gen\",kubernetes_pod_name=~\"$pod\"}",
          "format": "time_series",
          "interval": "",
          "intervalFactor": 5,
          "legendFormat": "Committed  {{kubernetes_pod_name}}",
          "metric": "jvm_memory_bytes_used",
          "refId": "C",
          "step": 5
        }
      ],
      "thresholds": [],
      "timeFrom": null,
      "timeShift": null,
      "title": "PS Old Gen",
      "tooltip": {
        "shared": true,
        "sort": 0,
        "value_type": "individual"
      },
      "type": "graph",
      "xaxis": {
        "buckets": null,
        "mode": "time",
        "name": null,
        "show": true,
        "values": []
      },
      "yaxes": [
        {
          "format": "bytes",
          "label": null,
          "logBase": 1,
          "max": null,
          "min": null,
          "show": true
        },
        {
          "format": "short",
          "label": null,
          "logBase": 1,
          "max": null,
          "min": null,
          "show": true
        }
      ],
      "yaxis": {
        "align": false,
        "alignLevel": null
      }
    },
    {
      "aliasColors": {},
      "bars": false,
      "dashLength": 10,
      "dashes": false,
      "datasource": "${DS_PROMETHEUS}",
      "fill": 1,
      "gridPos": {
        "h": 8,
        "w": 8,
        "x": 16,
        "y": 14
      },
      "id": 7,
      "legend": {
        "alignAsTable": true,
        "avg": true,
        "current": true,
        "max": true,
        "min": true,
        "rightSide": false,
        "show": true,
        "sort": "current",
        "sortDesc": true,
        "total": false,
        "values": true
      },
      "lines": true,
      "linewidth": 1,
      "links": [],
      "nullPointMode": "null",
      "percentage": false,
      "pointradius": 5,
      "points": false,
      "renderer": "flot",
      "seriesOverrides": [],
      "spaceLength": 10,
      "stack": false,
      "steppedLine": false,
      "targets": [
        {
          "expr": "jvm_memory_pool_bytes_max{release=\"$release\", pool=\"PS Survivor Space\",kubernetes_pod_name=~\"$pod\"}",
          "format": "time_series",
          "interval": "",
          "intervalFactor": 5,
          "legendFormat": "Max  {{kubernetes_pod_name}}",
          "metric": "jvm_memory_bytes_used",
          "refId": "B",
          "step": 5
        },
        {
          "expr": "jvm_memory_pool_bytes_used{release=\"$release\", pool=\"PS Survivor Space\",kubernetes_pod_name=~\"$pod\"}",
          "format": "time_series",
          "interval": "",
          "intervalFactor": 5,
          "legendFormat": "Used  {{kubernetes_pod_name}}",
          "metric": "jvm_memory_bytes_used",
          "refId": "A",
          "step": 5
        },
        {
          "expr": "jvm_memory_pool_bytes_committed{release=\"$release\", pool=\"PS Survivor Space\",kubernetes_pod_name=~\"$pod\"}",
          "format": "time_series",
          "interval": "",
          "intervalFactor": 5,
          "legendFormat": "Committed  {{kubernetes_pod_name}}",
          "metric": "jvm_memory_bytes_used",
          "refId": "C",
          "step": 5
        }
      ],
      "thresholds": [],
      "timeFrom": null,
      "timeShift": null,
      "title": "PS Survivor Space",
      "tooltip": {
        "shared": true,
        "sort": 0,
        "value_type": "individual"
      },
      "type": "graph",
      "xaxis": {
        "buckets": null,
        "mode": "time",
        "name": null,
        "show": true,
        "values": []
      },
      "yaxes": [
        {
          "format": "bytes",
          "label": null,
          "logBase": 1,
          "max": null,
          "min": null,
          "show": true
        },
        {
          "format": "short",
          "label": null,
          "logBase": 1,
          "max": null,
          "min": null,
          "show": true
        }
      ],
      "yaxis": {
        "align": false,
        "alignLevel": null
      }
    },
    {
      "aliasColors": {},
      "bars": false,
      "dashLength": 10,
      "dashes": false,
      "datasource": "${DS_PROMETHEUS}",
      "fill": 1,
      "gridPos": {
        "h": 8,
        "w": 8,
        "x": 0,
        "y": 22
      },
      "id": 9,
      "legend": {
        "alignAsTable": true,
        "avg": true,
        "current": true,
        "max": true,
        "min": true,
        "rightSide": false,
        "show": true,
        "sort": "current",
        "sortDesc": true,
        "total": false,
        "values": true
      },
      "lines": true,
      "linewidth": 1,
      "links": [],
      "nullPointMode": "null",
      "percentage": false,
      "pointradius": 5,
      "points": false,
      "renderer": "flot",
      "seriesOverrides": [],
      "spaceLength": 10,
      "stack": false,
      "steppedLine": false,
      "targets": [
        {
          "expr": "jvm_memory_pool_bytes_max{release=\"$release\", pool=\"Metaspace\",kubernetes_pod_name=~\"$pod\"}",
          "format": "time_series",
          "interval": "",
          "intervalFactor": 5,
          "legendFormat": "Max {{kubernetes_pod_name}}",
          "metric": "jvm_memory_bytes_used",
          "refId": "B",
          "step": 5
        },
        {
          "expr": "jvm_memory_pool_bytes_used{release=\"$release\", pool=\"Metaspace\",kubernetes_pod_name=~\"$pod\"}",
          "format": "time_series",
          "interval": "",
          "intervalFactor": 5,
          "legendFormat": "Used {{kubernetes_pod_name}}",
          "metric": "jvm_memory_bytes_used",
          "refId": "A",
          "step": 5
        },
        {
          "expr": "jvm_memory_pool_bytes_committed{release=\"$release\", pool=\"Metaspace\",kubernetes_pod_name=~\"$pod\"}",
          "format": "time_series",
          "interval": "",
          "intervalFactor": 5,
          "legendFormat": "Committed {{kubernetes_pod_name}}",
          "metric": "jvm_memory_bytes_used",
          "refId": "C",
          "step": 5
        }
      ],
      "thresholds": [],
      "timeFrom": null,
      "timeShift": null,
      "title": "Metaspace",
      "tooltip": {
        "shared": true,
        "sort": 0,
        "value_type": "individual"
      },
      "type": "graph",
      "xaxis": {
        "buckets": null,
        "mode": "time",
        "name": null,
        "show": true,
        "values": []
      },
      "yaxes": [
        {
          "format": "bytes",
          "label": null,
          "logBase": 1,
          "max": null,
          "min": null,
          "show": true
        },
        {
          "format": "short",
          "label": null,
          "logBase": 1,
          "max": null,
          "min": null,
          "show": true
        }
      ],
      "yaxis": {
        "align": false,
        "alignLevel": null
      }
    },
    {
      "aliasColors": {},
      "bars": false,
      "dashLength": 10,
      "dashes": false,
      "datasource": "${DS_PROMETHEUS}",
      "fill": 1,
      "gridPos": {
        "h": 8,
        "w": 8,
        "x": 8,
        "y": 22
      },
      "id": 11,
      "legend": {
        "alignAsTable": true,
        "avg": true,
        "current": true,
        "max": true,
        "min": true,
        "rightSide": false,
        "show": true,
        "sort": "current",
        "sortDesc": true,
        "total": false,
        "values": true
      },
      "lines": true,
      "linewidth": 1,
      "links": [],
      "nullPointMode": "null",
      "percentage": false,
      "pointradius": 5,
      "points": false,
      "renderer": "flot",
      "seriesOverrides": [],
      "spaceLength": 10,
      "stack": false,
      "steppedLine": false,
      "targets": [
        {
          "expr": "jvm_memory_pool_bytes_max{release=\"$release\", pool=\"Compressed Class Space\",kubernetes_pod_name=~\"$pod\"}",
          "format": "time_series",
          "interval": "",
          "intervalFactor": 5,
          "legendFormat": "Max {{kubernetes_pod_name}}",
          "metric": "jvm_memory_bytes_used",
          "refId": "B",
          "step": 5
        },
        {
          "expr": "jvm_memory_pool_bytes_used{release=\"$release\", pool=\"Compressed Class Space\",kubernetes_pod_name=~\"$pod\"}",
          "format": "time_series",
          "interval": "",
          "intervalFactor": 5,
          "legendFormat": "Used {{kubernetes_pod_name}}",
          "metric": "jvm_memory_bytes_used",
          "refId": "A",
          "step": 5
        },
        {
          "expr": "jvm_memory_pool_bytes_committed{release=\"$release\", pool=\"Compressed Class Space\",kubernetes_pod_name=~\"$pod\"}",
          "format": "time_series",
          "interval": "",
          "intervalFactor": 5,
          "legendFormat": "Committed {{kubernetes_pod_name}}",
          "metric": "jvm_memory_bytes_used",
          "refId": "C",
          "step": 5
        }
      ],
      "thresholds": [],
      "timeFrom": null,
      "timeShift": null,
      "title": "Compressed Class Space",
      "tooltip": {
        "shared": true,
        "sort": 0,
        "value_type": "individual"
      },
      "type": "graph",
      "xaxis": {
        "buckets": null,
        "mode": "time",
        "name": null,
        "show": true,
        "values": []
      },
      "yaxes": [
        {
          "format": "bytes",
          "label": null,
          "logBase": 1,
          "max": null,
          "min": null,
          "show": true
        },
        {
          "format": "short",
          "label": null,
          "logBase": 1,
          "max": null,
          "min": null,
          "show": true
        }
      ],
      "yaxis": {
        "align": false,
        "alignLevel": null
      }
    },
    {
      "aliasColors": {},
      "bars": false,
      "dashLength": 10,
      "dashes": false,
      "datasource": "${DS_PROMETHEUS}",
      "fill": 1,
      "gridPos": {
        "h": 8,
        "w": 8,
        "x": 16,
        "y": 22
      },
      "id": 10,
      "legend": {
        "alignAsTable": true,
        "avg": true,
        "current": true,
        "max": true,
        "min": true,
        "rightSide": false,
        "show": true,
        "sort": "current",
        "sortDesc": true,
        "total": false,
        "values": true
      },
      "lines": true,
      "linewidth": 1,
      "links": [],
      "nullPointMode": "null",
      "percentage": false,
      "pointradius": 5,
      "points": false,
      "renderer": "flot",
      "seriesOverrides": [],
      "spaceLength": 10,
      "stack": false,
      "steppedLine": false,
      "targets": [
        {
          "expr": "jvm_memory_pool_bytes_max{release=\"$release\", pool=\"Code Cache\",kubernetes_pod_name=~\"$pod\"}",
          "format": "time_series",
          "interval": "",
          "intervalFactor": 5,
          "legendFormat": "Max {{kubernetes_pod_name}}",
          "metric": "jvm_memory_bytes_used",
          "refId": "B",
          "step": 5
        },
        {
          "expr": "jvm_memory_pool_bytes_used{release=\"$release\", pool=\"Code Cache\",kubernetes_pod_name=~\"$pod\"}",
          "format": "time_series",
          "interval": "",
          "intervalFactor": 5,
          "legendFormat": "Used {{kubernetes_pod_name}}",
          "metric": "jvm_memory_bytes_used",
          "refId": "A",
          "step": 5
        },
        {
          "expr": "jvm_memory_pool_bytes_committed{release=\"$release\", pool=\"Code Cache\",kubernetes_pod_name=~\"$pod\"}",
          "format": "time_series",
          "interval": "",
          "intervalFactor": 5,
          "legendFormat": "Committed {{kubernetes_pod_name}}",
          "metric": "jvm_memory_bytes_used",
          "refId": "C",
          "step": 5
        }
      ],
      "thresholds": [],
      "timeFrom": null,
      "timeShift": null,
      "title": "Code Cache",
      "tooltip": {
        "shared": true,
        "sort": 0,
        "value_type": "individual"
      },
      "type": "graph",
      "xaxis": {
        "buckets": null,
        "mode": "time",
        "name": null,
        "show": true,
        "values": []
      },
      "yaxes": [
        {
          "format": "bytes",
          "label": null,
          "logBase": 1,
          "max": null,
          "min": null,
          "show": true
        },
        {
          "format": "short",
          "label": null,
          "logBase": 1,
          "max": null,
          "min": null,
          "show": true
        }
      ],
      "yaxis": {
        "align": false,
        "alignLevel": null
      }
    },
    {
      "aliasColors": {},
      "bars": false,
      "dashLength": 10,
      "dashes": false,
      "datasource": "${DS_PROMETHEUS}",
      "fill": 1,
      "gridPos": {
        "h": 8,
        "w": 12,
        "x": 0,
        "y": 30
      },
      "id": 3,
      "legend": {
        "alignAsTable": true,
        "avg": false,
        "current": true,
        "max": true,
        "min": false,
        "rightSide": false,
        "show": true,
        "total": false,
        "values": true
      },
      "lines": true,
      "linewidth": 1,
      "links": [],
      "nullPointMode": "null",
      "percentage": false,
      "pointradius": 5,
      "points": false,
      "renderer": "flot",
      "seriesOverrides": [],
      "spaceLength": 10,
      "stack": false,
      "steppedLine": false,
      "targets": [
        {
          "expr": "jvm_threads_current{release=~\"$release\",kubernetes_pod_name=~\"$pod\"}",
          "format": "time_series",
          "intervalFactor": 5,
          "legendFormat": "JVM current threads  {{kubernetes_pod_name}}",
          "metric": "jvm_threads_current",
          "refId": "A",
          "step": 10
        },
        {
          "expr": "jvm_threads_daemon{release=~\"$release\",kubernetes_pod_name=~\"$pod\"}",
          "format": "time_series",
          "intervalFactor": 5,
          "legendFormat": "JVM daemon threads {{kubernetes_pod_name}}",
          "metric": "jvm_threads_daemon",
          "refId": "B",
          "step": 10
        },
        {
          "expr": "jvm_threads_deadlocked{release=~\"$release\",kubernetes_pod_name=~\"$pod\"}",
          "format": "time_series",
          "intervalFactor": 1,
          "legendFormat": "JVM deadlocked threads  {{kubernetes_pod_name}}",
          "refId": "C"
        }
      ],
      "thresholds": [],
      "timeFrom": null,
      "timeShift": null,
      "title": "Threads used",
      "tooltip": {
        "shared": true,
        "sort": 0,
        "value_type": "individual"
      },
      "type": "graph",
      "xaxis": {
        "buckets": null,
        "mode": "time",
        "name": null,
        "show": true,
        "values": []
      },
      "yaxes": [
        {
          "decimals": 0,
          "format": "short",
          "label": null,
          "logBase": 1,
          "max": null,
          "min": null,
          "show": true
        },
        {
          "format": "short",
          "label": null,
          "logBase": 1,
          "max": null,
          "min": null,
          "show": true
        }
      ],
      "yaxis": {
        "align": false,
        "alignLevel": null
      }
    },
    {
      "aliasColors": {},
      "bars": false,
      "dashLength": 10,
      "dashes": false,
      "datasource": "${DS_PROMETHEUS}",
      "fill": 1,
      "gridPos": {
        "h": 8,
        "w": 12,
        "x": 12,
        "y": 30
      },
      "id": 6,
      "legend": {
        "alignAsTable": true,
        "avg": false,
        "current": true,
        "max": true,
        "min": true,
        "show": true,
        "total": false,
        "values": true
      },
      "lines": true,
      "linewidth": 1,
      "links": [],
      "nullPointMode": "null",
      "percentage": false,
      "pointradius": 5,
      "points": false,
      "renderer": "flot",
      "seriesOverrides": [],
      "spaceLength": 10,
      "stack": false,
      "steppedLine": false,
      "targets": [
        {
          "expr": "jvm_gc_collection_seconds_count{release=~\"$release\",kubernetes_pod_name=~\"$pod\"}",
          "format": "time_series",
          "interval": "",
          "intervalFactor": 5,
          "legendFormat": "{{gc}}  {{kubernetes_pod_name}}",
          "metric": "",
          "refId": "A",
          "step": 10
        }
      ],
      "thresholds": [],
      "timeFrom": null,
      "timeShift": null,
      "title": "GC count",
      "tooltip": {
        "shared": true,
        "sort": 0,
        "value_type": "individual"
      },
      "type": "graph",
      "xaxis": {
        "buckets": null,
        "mode": "time",
        "name": null,
        "show": true,
        "values": []
      },
      "yaxes": [
        {
          "decimals": 0,
          "format": "short",
          "label": null,
          "logBase": 1,
          "max": null,
          "min": null,
          "show": true
        },
        {
          "format": "short",
          "label": null,
          "logBase": 1,
          "max": null,
          "min": null,
          "show": true
        }
      ],
      "yaxis": {
        "align": false,
        "alignLevel": null
      }
    },
    {
      "aliasColors": {},
      "bars": false,
      "dashLength": 10,
      "dashes": false,
      "datasource": "${DS_PROMETHEUS}",
      "fill": 1,
      "gridPos": {
        "h": 8,
        "w": 12,
        "x": 0,
        "y": 38
      },
      "id": 5,
      "legend": {
        "alignAsTable": true,
        "avg": false,
        "current": true,
        "max": true,
        "min": true,
        "rightSide": false,
        "show": true,
        "total": false,
        "values": true
      },
      "lines": true,
      "linewidth": 1,
      "links": [],
      "nullPointMode": "null",
      "percentage": false,
      "pointradius": 5,
      "points": false,
      "renderer": "flot",
      "seriesOverrides": [],
      "spaceLength": 10,
      "stack": false,
      "steppedLine": false,
      "targets": [
        {
          "expr": "rate(jvm_gc_collection_seconds_sum{release=~\"$release\",kubernetes_pod_name=~\"$pod\"}[5m])",
          "format": "time_series",
          "interval": "",
          "intervalFactor": 5,
          "legendFormat": "{{gc}} {{kubernetes_pod_name}}",
          "metric": "jvm_gc_collection_seconds_sum",
          "refId": "A",
          "step": 10
        }
      ],
      "thresholds": [],
      "timeFrom": null,
      "timeShift": null,
      "title": "GC time / 1 min. rate",
      "tooltip": {
        "shared": true,
        "sort": 0,
        "value_type": "individual"
      },
      "type": "graph",
      "xaxis": {
        "buckets": null,
        "mode": "time",
        "name": null,
        "show": true,
        "values": []
      },
      "yaxes": [
        {
          "format": "s",
          "label": null,
          "logBase": 1,
          "max": null,
          "min": null,
          "show": true
        },
        {
          "format": "short",
          "label": null,
          "logBase": 1,
          "max": null,
          "min": null,
          "show": true
        }
      ],
      "yaxis": {
        "align": false,
        "alignLevel": null
      }
    },
    {
      "aliasColors": {},
      "bars": false,
      "dashLength": 10,
      "dashes": false,
      "datasource": "${DS_PROMETHEUS}",
      "fill": 1,
      "gridPos": {
        "h": 8,
        "w": 12,
        "x": 12,
        "y": 38
      },
      "id": 4,
      "legend": {
        "alignAsTable": true,
        "avg": false,
        "current": true,
        "max": true,
        "min": true,
        "show": true,
        "total": false,
        "values": true
      },
      "lines": true,
      "linewidth": 1,
      "links": [],
      "nullPointMode": "null",
      "percentage": false,
      "pointradius": 5,
      "points": false,
      "renderer": "flot",
      "seriesOverrides": [],
      "spaceLength": 10,
      "stack": false,
      "steppedLine": false,
      "targets": [
        {
          "expr": "jvm_classes_loaded{release=~\"$release\",kubernetes_pod_name=~\"$pod\"}",
          "format": "time_series",
          "interval": "",
          "intervalFactor": 5,
          "legendFormat": "loaded  {{kubernetes_pod_name}}",
          "metric": "jvm_classes_loaded",
          "refId": "A",
          "step": 10
        }
      ],
      "thresholds": [],
      "timeFrom": null,
      "timeShift": null,
      "title": "Class loading",
      "tooltip": {
        "shared": true,
        "sort": 0,
        "value_type": "individual"
      },
      "type": "graph",
      "xaxis": {
        "buckets": null,
        "mode": "time",
        "name": null,
        "show": true,
        "values": []
      },
      "yaxes": [
        {
          "decimals": 0,
          "format": "short",
          "label": "",
          "logBase": 1,
          "max": null,
          "min": null,
          "show": true
        },
        {
          "format": "short",
          "label": null,
          "logBase": 1,
          "max": null,
          "min": null,
          "show": true
        }
      ],
      "yaxis": {
        "align": false,
        "alignLevel": null
      }
    }
  ],
  "refresh": "30s",
  "schemaVersion": 16,
  "style": "dark",
  "tags": [
    "JVM"
  ],
  "templating": {
    "list": [
      {
        "allValue": "",
        "current": {},
        "datasource": "${DS_PROMETHEUS}",
        "hide": 0,
        "includeAll": false,
        "label": "release",
        "multi": false,
        "name": "release",
        "options": [],
        "query": "label_values(release)",
        "refresh": 1,
        "regex": "",
        "sort": 0,
        "tagValuesQuery": "",
        "tags": [],
        "tagsQuery": "",
        "type": "query",
        "useTags": false
      },
      {
        "allValue": ".*",
        "current": {},
        "datasource": "${DS_PROMETHEUS}",
        "hide": 0,
        "includeAll": true,
        "label": "pod",
        "multi": false,
        "name": "pod",
        "options": [],
        "query": "label_values(jvm_info{release=\"$release\"},kubernetes_pod_name)",
        "refresh": 1,
        "regex": "/.*(?!-).*/",
        "sort": 0,
        "tagValuesQuery": "label_values(release)",
        "tags": [],
        "tagsQuery": "label_values(release)",
        "type": "query",
        "useTags": false
      }
    ]
  },
  "time": {
    "from": "now-1h",
    "to": "now"
  },
  "timepicker": {
    "refresh_intervals": [
      "5s",
      "10s",
      "30s",
      "1m",
      "5m",
      "15m",
      "30m",
      "1h",
      "2h",
      "1d"
    ],
    "time_options": [
      "5m",
      "15m",
      "1h",
      "6h",
      "12h",
      "24h",
      "2d",
      "7d",
      "30d"
    ]
  },
  "timezone": "",
  "title": "JMX prometheus exporter",
  "uid": "nshAi8pmz",
  "version": 1
}